Date,Close,High,Low,Open,Volume,Target
2018-01-02,40.23237609863281,40.24172033918654,39.5317077360136,39.741910383069516,102223600,40.225372314453125
2018-01-03,40.225372314453125,40.767224260711025,40.16231472364331,40.29543986802562,118071600,40.41221237182617
2018-01-04,40.41221237182617,40.514977627745246,40.19033478588271,40.29776859795569,89738400,40.872318267822266
2018-01-05,40.872318267822266,40.958732886034994,40.4168845770232,40.50797131518301,94640000,40.72050476074219
2018-01-08,40.72050476074219,41.01478414426948,40.62240806911673,40.72050476074219,82271200,40.715843200683594
2018-01-09,40.715843200683594,40.88633818873765,40.50097197485756,40.76722583770547,86336000,40.70650100708008
2018-01-10,40.70650100708008,40.70883884947029,40.405215132825184,40.44258497322732,95839600,40.937721252441406
2018-01-11,40.937721252441406,40.98676961148585,40.753213463964485,40.77656694044623,74670800,41.360450744628906
2018-01-12,41.360450744628906,41.423511892310295,41.024129375372745,41.14791382880961,101672400,41.15026092529297
2018-01-16,41.15026092529297,41.89763993406561,41.13858240438722,41.54963996826612,118263600,41.82989501953125
2018-01-17,41.82989501953125,41.86492700573836,40.88866430974894,41.140901738006,137547200,41.86725997924805
2018-01-18,41.86725997924805,42.06344978724467,41.631369630642126,41.89295128959387,124773600,41.6804313659668
2018-01-19,41.6804313659668,41.942013108967615,41.435196700011545,41.7154633623387,129700400,41.33945083618164
2018-01-22,41.33945083618164,41.52162440222133,41.24602977393029,41.409518414762694,108434400,41.3487663269043
2018-01-23,41.3487663269043,41.90930305028433,41.297387268616134,41.40949318777898,130756400,40.69015121459961
2018-01-24,40.69015121459961,41.40950455731997,40.45192295265972,41.39782603750043,204420400,39.96380615234375
2018-01-25,39.96380615234375,40.860661208890846,39.82834311300301,40.7578958987851,166116000,40.05721664428711
2018-01-26,40.05721664428711,40.171660448294,39.71856091721823,40.171660448294,156572000,39.22808837890625
2018-01-29,39.22808837890625,39.74191114188095,39.0202235699117,39.74191114188095,202561600,38.99686813354492
2018-01-30,38.99686813354492,39.09028916200144,38.4666947094055,38.66054672904738,184192800,39.10430908203125
2018-01-31,39.10430908203125,39.34020310209103,38.8871035476071,38.97351819285742,129915600,39.18604278564453
2018-02-01,39.18604278564453,39.38222905740429,38.947814562060074,39.043573419865425,188923200,37.48575973510742
2018-02-02,37.48575973510742,38.95716410101793,37.392338706452456,38.770318479924185,346375200,36.549198150634766
2018-02-05,36.549198150634766,38.275177718301975,36.43475436997214,37.158779760529875,290954000,38.076656341552734
2018-02-06,38.076656341552734,38.237810644644064,35.967644731061384,36.16149675044778,272975200,37.261539459228516
2018-02-07,37.261539459228516,38.16306616794101,37.151771368454334,38.09066434552719,206434400,36.23623275756836
2018-02-08,36.23623275756836,37.60253756671725,36.208207161904596,37.43671114354451,217562000,36.67946243286133
2018-02-09,36.67946243286133,37.026533888766004,35.232545926564505,36.834238847176806,282690400,38.15686798095703
2018-02-12,38.15686798095703,38.433586209034175,36.9374212899371,37.1695859223774,243278000,38.53910446166992
2018-02-13,38.53910446166992,38.63525375165295,37.90827637720075,37.97862960348866,130196800,39.249656677246094
2018-02-14,39.249656677246094,39.28952266255722,38.196716602413595,38.23423521438623,162579600,40.56760025024414
2018-02-15,40.56760025024414,40.591048937964494,39.63191065718639,39.8171706769248,204588800,40.43627166748047
2018-02-16,40.43627166748047,40.99675003968103,40.28149888137807,40.41985794427395,160704400,40.300270080566406
2018-02-20,40.300270080566406,40.865432606579574,40.19942960756967,40.3471710450307,135722000,40.117340087890625
2018-02-21,40.117340087890625,40.83258760245082,40.10326658288389,40.530073443596514,149886400,40.45269775390625
2018-02-22,40.45269775390625,40.792734207769016,40.2674376980712,40.28854259462568,123967600,41.15620803833008
2018-02-23,41.15620803833008,41.19138285319156,40.696570180367445,40.72705740545594,135249600,41.9699592590332
2018-02-26,41.9699592590332,42.068452335634156,41.32271750780691,41.35554853334056,152648800,41.833946228027344
2018-02-27,41.833946228027344,42.32406784199246,41.7800103071155,42.00044873820776,155712400,41.770626068115234
2018-02-28,41.770626068115234,42.35689694186854,41.75421234437313,42.03796544341421,151128400,41.038963317871094
2018-03-01,41.038963317871094,42.15991300108843,40.490214610015975,41.869121344243176,195208000,41.322715759277344
2018-03-02,41.322715759277344,41.3438206508745,40.44096211943254,40.52304146895027,153816000,41.46577453613281
2018-03-05,41.46577453613281,41.68152182188647,40.92640453259168,41.08821589148542,113605600,41.430599212646484
2018-03-06,41.430599212646484,41.801122919535736,41.303966249227905,41.721390921149435,95154000,41.045997619628906
2018-03-07,41.045997619628906,41.23829619080357,40.86777255571941,41.024892726201514,126814000,41.4939079284668
2018-03-08,41.4939079284668,41.53611771378168,41.055378460010644,41.151524163776784,95096400,42.206809997558594
2018-03-09,42.206809997558594,42.21150116628257,41.599434256238936,41.73310572752255,128740800,42.6148567199707
2018-03-12,42.6148567199707,42.77197688165048,42.26075040737717,42.27950792605273,128828400,42.2044563293457
2018-03-13,42.2044563293457,43.03227028896655,42.03326628325714,42.81886689086388,126774000,41.84566116333008
2018-03-14,41.84566116333008,42.33343885135158,41.69791979089834,42.286537907531034,117473600,41.89491271972656
2018-03-15,41.89491271972656,42.26778369281401,41.758901034006826,41.85973790071512,90975200,41.7471809387207
2018-03-16,41.7471809387207,42.00513799817259,41.65337544393605,41.894918778246705,157618800,41.109317779541016
2018-03-19,41.109317779541016,41.61820051060324,40.72472419771771,41.58302568659741,133787200,41.095245361328125
2018-03-20,41.095245361328125,41.46107782208997,41.02489213926311,41.095245361328125,78597600,40.164249420166016
2018-03-21,40.164249420166016,41.06006953035237,40.16190204635174,41.04834339622222,148219600,39.59674072265625
2018-03-22,39.59674072265625,40.49490465390469,39.53811362865073,39.86642392375612,165963200,38.679813385009766
2018-03-23,38.679813385009766,39.84766413405887,38.679813385009766,39.48886659321659,164115200,40.51601791381836
2018-03-26,40.51601791381836,40.593406116445934,39.0315792888296,39.413829131964945,150164800,39.477134704589844
2018-03-27,39.477134704589844,41.07413599250078,39.14413327762529,40.729408432396,163690400,39.04094696044922
2018-03-28,39.04094696044922,39.8711084776805,38.73843278003279,39.22151938195304,166674000,39.34580612182617
2018-03-29,39.34580612182617,40.27680444981325,39.13943765265633,39.35284108524669,153594000,39.087852478027344
2018-04-02,39.087852478027344,39.61784367192837,38.569590996327946,39.078473717905176,150347200,39.48887252807617
2018-04-03,39.48887252807617,39.57329570203977,38.66574926566696,39.31299121384488,121112000,40.24398422241211
2018-04-04,40.24398422241211,40.3377861453882,38.63994772264869,38.665743788214215,138422000,40.52304458618164
2018-04-05,40.52304458618164,40.85838981728814,40.354198283789394,40.47145246165548,107732800,39.48652267456055
2018-04-06,39.48652267456055,40.4480048978712,39.44430930489733,40.09389852773458,140021200,39.878150939941406
2018-04-09,39.878150939941406,40.59105484435307,39.83124997936275,39.838284944533854,116070800,40.628570556640625
2018-04-10,40.628570556640625,40.80445181446158,40.22521591910616,40.5699434707003,113634400,40.43863296508789
2018-04-11,40.43863296508789,40.785704428602784,40.26509544417317,40.389384621884204,89726400,40.8372917175293
2018-04-12,40.8372917175293,41.03896908014141,40.57933105198561,40.66610159129438,91557200,40.97563171386719
2018-04-13,40.97563171386719,41.235936053843574,40.769266855928116,40.98735784380193,100497200,41.231266021728516
2018-04-16,41.231266021728516,41.318032979230495,40.999101432084586,41.046002393482574,86313600,41.79877471923828
2018-04-17,41.79877471923828,41.962929868710894,41.369623956700956,41.388385056399805,106421600,41.704978942871094
2018-04-18,41.704978942871094,41.93479978402171,41.47985285063197,41.69794397613329,83018000,40.52304458618164
2018-04-19,40.52304458618164,41.13042036873271,40.49021355951167,40.748170603828946,139235200,38.86272430419922
2018-04-20,38.86272430419922,40.152520237693295,38.79471487839581,40.00712620479609,261964400,38.75017166137695
2018-04-23,38.75017166137695,39.144144079751584,38.4804848379833,39.123039181263174,146062000,38.21079635620117
2018-04-24,38.21079635620117,39.005779628477015,37.8074416526787,38.85100323747827,134768000,38.3773078918457
2018-04-25,38.3773078918457,38.79238886628853,38.086519692748105,38.13576446529168,113528400,38.51095962524414
2018-04-26,38.51095962524414,38.86506592809909,38.311626106242954,38.48750736007461,111852000,38.06539535522461
2018-04-27,38.06539535522461,38.53675582905527,37.66907568925189,38.45936764768368,142623200,38.75486373901367
2018-04-30,38.75486373901367,39.223880621831135,37.95284529879359,38.02085475065843,169709600,39.65537643432617
2018-05-01,39.65537643432617,39.678825130035804,38.75720872957957,39.02454819320878,214277600,41.407142639160156
2018-05-02,41.407142639160156,41.6838607850088,40.75755348322687,41.0928987187872,266157600,41.482181549072266
2018-05-03,41.482181549072266,41.62523178453475,40.907636811934324,41.24532940570239,136272800,43.10968017578125
2018-05-04,43.10968017578125,43.20817327569584,41.782361755300954,41.80112285694862,224805200,43.42156982421875
2018-05-07,43.42156982421875,44.01018453355884,43.32542053554756,43.42625741514392,169805600,43.63029098510742
2018-05-08,43.63029098510742,43.67015698594783,43.072159816712876,43.38171263968228,113611200,43.93748474121094
2018-05-09,43.93748474121094,43.946863500783344,43.43563701372067,43.74753354962685,92844800,44.56596374511719
2018-05-10,44.56596374511719,44.64335192738503,44.00548895079558,44.026597421096504,111957200,44.396480560302734
2018-05-11,44.396480560302734,44.742537519239406,44.12811022399601,44.60835414714242,104848800,44.29289245605469
2018-05-14,44.29289245605469,44.61776309036825,44.22462436223415,44.49534749608727,83115200,43.890342712402344
2018-05-15,43.890342712402344,44.038653857301725,43.574890568370826,43.9703821652857,94780800,44.29995346069336
2018-05-16,44.29995346069336,44.36587231146577,43.78675557653705,43.80323618725819,76732400,44.01980972290039
2018-05-17,44.01980972290039,44.47180154910727,43.8714986140111,44.2575751900698,69176000,43.85973358154297
2018-05-18,43.85973358154297,44.212852583391616,43.81736102553501,44.06689787877009,73190800,44.17046356201172
2018-05-21,44.17046356201172,44.55654004976447,44.000966216938714,44.257565067189745,73603200,44.05984115600586
2018-05-22,44.05984115600586,44.46475128151072,43.97038318182537,44.347044933215415,60962800,44.34232711791992
2018-05-23,44.34232711791992,44.375284745399135,43.730252788035145,43.869148982230094,80233600,44.29289245605469
2018-05-24,44.29289245605469,44.455327773211465,43.83619489329493,44.4388507541978,92936000,44.39411926269531
2018-05-25,44.39411926269531,44.64600893764281,44.17518362391239,44.31172339594766,69844000,44.23403549194336
2018-05-29,44.23403549194336,44.43413768126005,43.991560749846364,44.16341457064285,90056400,44.13987350463867
2018-05-30,44.13987350463867,44.25757983398438,43.970376103011894,44.19166457691975,74762000,43.99156188964844
2018-05-31,43.99156188964844,44.311723245583195,43.81971165651136,44.07395775611649,109931200,44.784908294677734
2018-06-01,44.784908294677734,44.78961396182632,44.198729444569345,44.25522977936332,93770000,45.15920639038086
2018-06-04,45.15920639038086,45.5335116194763,45.04620933090354,45.11447741480749,105064800,45.507625579833984
2018-06-05,45.507625579833984,45.65593672091612,45.28398424742185,45.45112883436461,86264000,45.66535568237305
2018-06-06,45.66535568237305,45.68889838980698,45.18040608298171,45.58296339057992,83734400,45.542938232421875
2018-06-07,45.542938232421875,45.71714131505994,45.27927359062222,45.70301712912846,85388800,45.128604888916016
2018-06-08,45.128604888916016,45.199229403281045,44.674260192565555,45.00383647011967,106627200,45.0179443359375
2018-06-11,45.0179443359375,45.19215092927452,44.77782610309409,45.04619628670962,73234000,45.265140533447266
2018-06-12,45.265140533447266,45.342827132957446,44.99912311016498,45.05562343493012,67644400,44.89320755004883
2018-06-13,44.89320755004883,45.40640917686365,44.8320015325132,45.29811773894789,86553600,44.91672897338867
2018-06-14,44.91672897338867,45.097997698028564,44.780189221644086,45.0932884397997,86440400,44.455322265625
2018-06-15,44.455322265625,44.76606867596771,44.31878250278761,44.73546388316103,246876800,44.431785583496094
2018-06-18,44.431785583496094,44.54478265155956,44.06924808496244,44.22933055748837,73939600,43.71377944946289
2018-06-19,43.71377944946289,43.86444341520715,43.18645377330186,43.5843017620001,134314000,43.904457092285156
2018-06-20,43.904457092285156,44.06924522085797,43.72318835479916,43.869146633345196,82514800,43.65962219238281
2018-06-21,43.65962219238281,44.339964459828835,43.53720663510799,44.08100916407657,102847600,43.532508850097656
2018-06-22,43.532508850097656,43.82206541739633,43.48071777729794,43.81500332493383,108801600,42.885128021240234
2018-06-25,42.885128021240234,43.53251289934205,42.54613318305983,43.174684615472465,126652400,43.417152404785156
2018-06-26,43.417152404785156,43.91152039626255,42.97222264930026,43.078161213268196,98276800,43.35360336303711
2018-06-27,43.35360336303711,44.088089831952125,43.32299856279475,43.605493082214934,101141200,43.669044494628906
2018-06-28,43.669044494628906,43.836189048695495,43.26884372711666,43.33946823717454,69460800,43.577239990234375
2018-06-29,43.577239990234375,44.06689878053816,43.05933282868056,43.855025219825926,90950800,44.06454849243164
2018-07-02,44.06454849243164,44.0928004597291,43.17939801288904,43.2735652503592,70925200,43.29710388183594
2018-07-03,43.29710388183594,44.24581678705579,43.2076459052671,44.20814989248861,55819200,43.64551544189453
2018-07-05,43.64551544189453,43.8832845803696,43.381854353483995,43.61255780584322,66416800,44.250511169433594
2018-07-06,44.250511169433594,44.35879896476578,43.59841719591709,43.65020826050607,69940800,44.86494827270508
2018-07-09,44.86494827270508,44.88848738506367,44.56362033446113,44.610702151290674,79026400,44.81080627441406
2018-07-10,44.81080627441406,45.02973834846083,44.77078295668372,44.89555498516725,63756400,44.22933578491211
2018-07-11,44.22933578491211,44.67661844327326,44.165773355065014,44.375290498082336,75326000,44.97087860107422
2018-07-12,44.97087860107422,45.06033655826407,44.5659685524734,44.617759623255736,72164400,45.04150390625
2018-07-13,45.04150390625,45.1615630676569,44.940274596265624,44.98265074224645,50055600,44.942630767822266
2018-07-16,44.942630767822266,45.352246488020654,44.82727727386679,45.08623263086396,60172400,45.06974411010742
2018-07-17,45.06974411010742,45.16861697666692,44.54006573003852,44.669543385810975,62138000,44.822574615478516
2018-07-18,44.822574615478516,45.15215453583667,44.7119303641148,45.14744527625814,65573600,45.170982360839844
2018-07-19,45.170982360839844,45.328708412023275,44.655428060581336,44.655428060581336,81147200,45.06739807128906
2018-07-20,45.06739807128906,45.30045429470257,44.76842300145352,45.14743750979245,82704800,45.10741424560547
2018-07-23,45.10741424560547,45.189810103073654,44.62481763495967,44.888478631479195,63957600,45.43464279174805
2018-07-24,45.43464279174805,45.59001600744331,45.211001486066,45.305165112002,74791600,45.86309051513672
2018-07-25,45.86309051513672,45.87015260670079,45.300450878380246,45.44876198544905,66839600,45.71949768066406
2018-07-26,45.71949768066406,46.13146986631483,45.578248637310274,45.813661314825,76304000,44.9591178894043
2018-07-27,44.9591178894043,45.95020696888031,44.75195714936341,45.90312514578523,96096000,44.70721435546875
2018-07-30,44.70721435546875,45.246307708854594,44.50946860426177,45.17568319996303,84118000,44.79666519165039
2018-07-31,44.79666519165039,45.23217996880992,44.57302392450554,44.799021616765586,157492000,47.435646057128906
2018-08-01,47.435646057128906,47.49685204920368,46.449266539565365,46.877719260424044,271742800,48.822227478027344
2018-08-02,48.822227478027344,49.05528728580015,47.16492406575627,47.21906796740019,249616000,48.96347427368164
2018-08-03,48.96347427368164,49.140033746422596,48.372586272623785,48.73747656804409,133789600,49.21772384643555
2018-08-06,49.21772384643555,49.26009639869382,48.74689855230227,48.965830589860516,101701600,48.756309509277344
2018-08-07,48.756309509277344,49.318945546288,48.67391365266562,49.27657299747852,102349600,48.78927230834961
2018-08-08,48.78927230834961,48.9211028192217,48.14659677179215,48.50677784332198,90102000,49.172996520996094
2018-08-09,49.172996520996094,49.384866473630254,48.77750139273708,49.32601330988609,93970400,49.02653503417969
2018-08-10,49.02653503417969,49.39743090242757,48.82336994816407,48.986374954988406,98444800,49.34308624267578
2018-08-13,49.34308624267578,49.83446227625625,49.06668789966988,49.44703165810567,103563600,49.55097198486328
2018-08-14,49.55097198486328,49.74232438693092,49.19897570143508,49.647830530631445,82992000,49.6667366027832
2018-08-15,49.6667366027832,49.78485574116098,49.21552062904969,49.42577255117373,115230400,50.394351959228516
2018-08-16,50.394351959228516,50.51010641019358,49.95730969640134,50.023456126869974,114001600,51.400733947753906
2018-08-17,51.400733947753906,51.48814097239071,50.356561008974694,50.42270745000428,141708000,50.899906158447266
2018-08-20,50.899906158447266,51.77870932595863,50.817221310825,51.523575131826234,121150800,50.8006706237793
2018-08-21,50.8006706237793,51.30858501340553,50.56207129400101,51.216452242034755,104639200,50.803043365478516
2018-08-22,50.803043365478516,51.11251493875671,50.51719345762094,50.57861771807685,76072400,50.9069938659668
2018-08-23,50.9069938659668,51.27552504663343,50.696741917780805,50.70855094931436,75532800,51.06526565551758
2018-08-24,51.06526565551758,51.24007966949176,50.81721474938912,51.16921107177788,73905600,51.48576354980469
2018-08-27,51.48576354980469,51.67475486622444,51.10541983221715,51.29913331813298,82100400,51.90153503417969
2018-08-28,51.90153503417969,52.09997426934219,51.71726951514179,51.73853008932868,91107200,52.67641067504883
2018-08-29,52.67641067504883,52.796894504886076,51.83304188973848,52.00785590995711,109019200,53.16069793701172
2018-08-30,53.16069793701172,53.92374654449071,52.5393901295794,52.740194102199645,195175200,53.77490997314453
2018-08-31,53.77490997314453,54.06784307418902,53.38984050098003,53.51032070176032,173360400,53.94737243652344
2018-09-04,53.94737243652344,54.14108594690396,53.53868123150636,53.95918507117456,109560400,53.595375061035156
2018-09-05,53.595375061035156,54.25684293673854,53.177235919309275,54.09620264370011,133332000,52.70476150512695
2018-09-06,52.70476150512695,53.70877419122638,52.279531881836945,53.44418486745145,137160000,52.279537200927734
2018-09-07,52.279537200927734,53.241025220168055,52.14015746721869,52.40946898858465,150479200,51.57790756225586
2018-09-10,51.57790756225586,52.40946737291451,51.13850418781404,52.19685074383668,158066000,52.881935119628906
2018-09-11,52.881935119628906,52.98824161403199,51.15975621240195,51.50230096312733,142996000,52.2252082824707
2018-09-12,52.2252082824707,53.1536231702499,51.934632547081584,53.13944944749156,197114800,53.48670959472656
2018-09-13,53.48670959472656,53.94501243257914,52.579555468815734,52.80398111284486,166825600,52.87956619262695
2018-09-14,52.87956619262695,53.58828090480204,52.56773359371882,53.33078209117536,127997200,51.47159957885742
2018-09-17,51.47159957885742,52.66932583005766,51.327494078328534,52.48033447784941,148780400,51.556644439697266
2018-09-18,51.556644439697266,52.40946478981779,51.292055110199634,51.45033432804287,126286800,51.58735656738281
2018-09-19,51.58735656738281,51.88265444324082,50.86210685872496,51.61806869997937,108495200,51.97951126098633
2018-09-20,51.97951126098633,52.51104741962864,51.77162040987671,52.02912288853213,106435200,51.41962432861328
2018-09-21,51.41962432861328,52.29370523412945,51.332213714764634,52.15668660065999,384986800,52.1590461730957
2018-09-24,52.1590461730957,52.27007844864043,51.17629770710372,51.221183555265625,110773600,52.48978042602539
2018-09-25,52.48978042602539,52.63861168577063,51.901545851293584,51.91335848542905,98217600,52.07164764404297
2018-09-26,52.07164764404297,52.85832164568139,51.915729494952,52.2086662958462,95938800,53.14179992675781
2018-09-27,53.14179992675781,53.493796258750265,52.80870308957469,52.87485312376238,120724800,53.32842254638672
2018-09-28,53.32842254638672,53.35204420798232,52.922092477963226,53.10399333061653,91717600,53.68751525878906
2018-10-01,53.68751525878906,54.19779085665743,53.472541143372936,53.850520264056215,94403200,54.16471481323242
2018-10-02,54.16471481323242,54.33480667031632,53.53868478695852,53.68515137317123,99152800,54.82382583618164
2018-10-03,54.82382583618164,55.15455802530657,54.28283809253597,54.3466234449781,114619200,53.85997009277344
2018-10-04,53.85997009277344,54.88996920159424,53.562307534511866,54.51907334874778,128168000,52.98589324951172
2018-10-05,52.98589324951172,53.95919761663915,52.10945106715992,53.85289108948282,134322000,52.863037109375
2018-10-08,52.863037109375,53.1063622318355,52.01966478038702,52.49450599592842,118655600,53.595375061035156
2018-10-09,53.595375061035156,53.689872531684166,52.50395540918603,52.83232645968275,107564000,51.112510681152344
2018-10-10,51.112510681152344,53.47253222410703,51.03927739644141,53.26228031441347,167962400,50.66130447387695
2018-10-11,50.66130447387695,51.854308651260354,50.158119328600904,50.67784288571244,212497600,52.47087478637695
2018-10-12,52.47087478637695,52.652779237568915,51.2258982722889,52.07163159044692,161351600,51.34874725341797
2018-10-15,51.34874725341797,52.404732541694706,51.32748667559729,52.246453343402386,123164000,52.48033905029297
2018-10-16,52.48033905029297,52.678781969991945,51.20701470538468,51.71965140479342,116736000,52.253543853759766
2018-10-17,52.253543853759766,52.59608862651848,51.816501609567986,52.51576847933284,91541600,51.032196044921875
2018-10-18,51.032196044921875,51.91100276572367,50.31875540497844,51.46687363023819,130325200,51.80940246582031
2018-10-19,51.80940246582031,52.27006626511478,51.365273467162524,51.51410469643808,132314800,52.1259765625
2018-10-22,52.1259765625,52.76618390607024,51.72201111053948,51.92281149157799,115168400,52.61735153198242
2018-10-23,52.61735153198242,52.74019644792127,50.720358416207795,50.987308828331614,155071200,50.81248474121094
2018-10-24,50.81248474121094,52.971702219608254,50.682552981710785,52.58663632017464,163702000,51.9251708984375
2018-10-25,51.9251708984375,52.298427786327714,51.20464347576049,51.431433794182205,119423200,51.09833526611328
2018-10-26,51.09833526611328,52.017301933671156,50.240789247146296,51.00383780130841,189033600,50.13922119140625
2018-10-29,50.13922119140625,51.89919591433966,48.68635339370277,51.78107675703257,183742000,50.38962173461914
2018-10-30,50.38962173461914,50.8337472135886,49.43758183225462,49.88170731122408,146640000,51.70310974121094
2018-10-31,51.70310974121094,52.07872773863771,51.17393470003853,51.23535895942081,153435600,52.49687194824219
2018-11-01,52.49687194824219,52.52994516393309,51.21882196206112,51.747997017825796,233292800,49.01472091674805
2018-11-02,49.01472091674805,50.4723107785911,48.53043168631862,49.503735922442594,365314800,47.623287200927734
2018-11-05,47.623287200927734,48.2847552892243,46.81535249193882,48.26349470326143,264654800,48.13827896118164
2018-11-06,48.13827896118164,48.362704623192265,47.64690286909893,47.701236668284366,127531600,49.59823226928711
2018-11-07,49.59823226928711,49.624218627473745,48.22332718492194,48.658004808488826,133697600,49.42517852783203
2018-11-08,49.42517852783203,49.81158807286182,49.01268833706429,49.77839945640611,101450400,48.47218322753906
2018-11-09,48.47218322753906,48.83725798808566,47.945904040896274,48.72821123325348,137463200,46.03042984008789
2018-11-12,46.03042984008789,47.37694685707779,45.9403449234574,47.17544226481076,204542000,45.570533752441406
2018-11-13,45.570533752441406,46.74399267153785,45.385625249664386,45.42829839038313,187531600,44.28329086303711
2018-11-14,44.28329086303711,46.10392974917986,44.077043957770435,45.96643301809805,243204000,45.37614822387695
2018-11-15,45.37614822387695,45.50890268674513,44.30699369850852,44.660218236508925,185915200,45.87872314453125
2018-11-16,45.87872314453125,46.22009385580825,44.91388027599369,45.16042378008925,147713200,44.060455322265625
2018-11-19,44.060455322265625,45.207837447011414,43.85421201619897,45.041894349182606,167701200,41.95532989501953
2018-11-20,41.95532989501953,43.0197420672639,41.60684765041812,42.28484670118081,271300800,41.90790939331055
2018-11-21,41.90790939331055,42.73525883894707,41.85338602993736,42.60724306041743,124496800,40.843505859375
2018-11-23,40.843505859375,41.8652485061949,40.79846701261189,41.47172379819083,94496000,41.39585494995117
2018-11-26,41.39585494995117,41.47408601348081,40.362262246396874,41.30577365457601,179994000,41.30577850341797
2018-11-27,41.30577850341797,41.43142136093944,40.50924821986047,40.65859516114247,165549600,42.894100189208984
2018-11-28,42.894100189208984,42.97706991484424,41.46935188841063,41.89606521990837,184250000,42.5645751953125
2018-11-29,42.5645751953125,43.335028367317676,42.126008096640945,43.30183975998431,167080000,42.334632873535156
2018-11-30,42.334632873535156,42.74949235818661,41.96718517795777,42.74000782999921,158126000,43.813899993896484
2018-12-03,43.813899993896484,43.84234634091446,42.95810408732895,43.7285573355553,163210000,41.88657760620117
2018-12-04,41.88657760620117,43.2378332586359,41.78701178099935,42.89646264806565,165377200,41.4195671081543
2018-12-06,41.4195671081543,41.43379028172995,40.40019746688139,40.71786040102842,172393600,39.942665100097656
2018-12-07,39.942665100097656,41.365040213085045,39.8976226427538,41.127977694253815,169126400,40.20581817626953
2018-12-10,40.20581817626953,40.32197653453872,38.71943466995566,39.115328775609974,248104000,39.97585678100586
2018-12-11,39.97585678100586,40.724971648959276,39.589443688075356,40.69415597889754,189126800,40.08727264404297
2018-12-12,40.08727264404297,40.755787053863365,40.06830720881082,40.395451019026375,142510800,40.525848388671875
2018-12-13,40.525848388671875,40.90989223808346,40.19396221489692,40.41680162469782,127594400,39.229103088378906
2018-12-14,39.229103088378906,40.082529570127996,39.18169130990103,40.06356413527948,162814800,38.86402893066406
2018-12-17,38.86402893066406,39.90947548035415,38.57718169854426,39.22199202280071,177151600,39.368980407714844
2018-12-18,39.368980407714844,39.71508971376303,38.97071343268076,39.205406665323395,135366000,38.140995025634766
2018-12-19,38.140995025634766,39.69612483606224,37.71428169538635,39.352384848493756,196189200,37.178524017333984
2018-12-20,37.178524017333984,38.43021412213326,36.81581856749373,38.0248355278653,259092000,35.73244094848633
2018-12-21,35.73244094848633,37.493817763282536,35.47167428612858,37.18563569205263,382978400,34.807891845703125
2018-12-24,34.807891845703125,35.92682728092065,34.75099553606444,35.120812505498044,148676800,37.25913619995117
2018-12-26,37.25913619995117,37.27335938015956,34.781832235328736,35.156391655735156,234330000,37.01731491088867
2018-12-27,37.01731491088867,37.16429614836959,35.575977822212685,36.943826100791895,212468400,37.03628921508789
2018-12-28,37.03628921508789,37.57916459813956,36.63802578091373,37.33735973179769,169165600,37.39424514770508
2018-12-31,37.39424514770508,37.77828529250411,37.095544041939455,37.58152295661812,140014000,37.436912536621094
2019-01-02,37.436912536621094,37.657382560104914,36.56215126344113,36.71861339400552,148158800,33.70792007446289
2019-01-03,33.70792007446289,34.54475047514119,33.66287761719509,34.13226039084803,365248800,35.14688491821289
2019-01-04,35.14688491821289,35.2156350688356,34.08958819478278,34.26264280679694,234428400,35.06865310668945
2019-01-07,35.06865310668945,35.282011522303684,34.58741653180372,35.2511922404592,219111200,35.737186431884766
2019-01-08,35.737186431884766,35.99084514650558,35.208537854389775,35.45508136320859,164101200,36.344051361083984
2019-01-09,36.344051361083984,36.63326790098298,35.47166309582496,35.86518409738925,180396400,36.46022033691406
2019-01-10,36.46022033691406,36.50052053570231,35.76325587216913,36.15203830332984,143122800,36.10225296020508
2019-01-11,36.10225296020508,36.43651201285764,35.917344466671175,36.24212260924212,108092800,35.559383392333984
2019-01-14,35.559383392333984,35.860453851229586,35.37447488807685,35.760888011805555,129756800,36.287166595458984
2019-01-15,36.287166595458984,36.363024731160756,35.5712366750947,35.623390725952945,114843600,36.730464935302734
2019-01-16,36.730464935302734,36.95330426774839,36.270563098942425,36.28952853333001,122278800,36.94856643676758
2019-01-17,36.94856643676758,37.37527971845507,36.33220240574262,36.555041764917604,119284800,37.17615509033203
2019-01-18,37.17615509033203,37.42744084338128,36.97701977635849,37.33735590651915,135004000,36.3416862487793
2019-01-22,36.3416862487793,37.154808983139375,36.18048184882576,37.07895085520432,121576000,36.488670349121094
2019-01-23,36.488670349121094,36.77788697397383,35.96239115421121,36.543193727393664,92522400,36.1994514465332
2019-01-24,36.1994514465332,36.621422505300714,35.971873419279106,36.53371051743065,101766000,37.39897918701172
2019-01-25,37.39897918701172,37.48669477291411,36.58348721486467,36.85847696932407,134142000,37.05287551879883
2019-01-28,37.05287551879883,37.05998710557618,36.4270305613809,36.93197130900929,104768400,36.6688346862793
2019-01-29,36.6688346862793,37.48670340411951,36.53371090938889,37.04102463814137,166348800,39.174591064453125
2019-01-30,39.174591064453125,39.387945938010034,37.98453590853503,38.700465907848546,244439200,39.456695556640625
2019-01-31,39.456695556640625,40.06357516979574,39.01101675816641,39.378464472826245,162958400,39.47566223144531
2019-02-01,39.47566223144531,40.058834158429015,39.33579255869984,39.5799703464604,130672400,40.596961975097656
2019-02-04,40.596961975097656,40.6941584894352,39.65582335554743,39.68664264479774,125982000,41.29154968261719
2019-02-05,41.29154968261719,41.504908129697604,40.85772843652332,40.97862902443456,144406400,41.30577850341797
2019-02-06,41.30577850341797,41.62107211746024,40.97626171566191,41.40297139622457,112958400,40.52347183227539
2019-02-07,40.52347183227539,41.23465946396211,40.38123285902311,40.869581120682014,126966800,40.571083068847656
2019-02-08,40.571083068847656,40.63060287724648,40.097304086184714,40.23301099307842,95280000,40.33776092529297
2019-02-11,40.33776092529297,40.76154528352861,40.29490840898636,40.723451736055644,83973600,40.685367584228516
2019-02-12,40.685367584228516,40.71155645006401,40.402052662772235,40.497286553447424,89134000,40.516326904296875
2019-02-13,40.516326904296875,41.06390993130662,40.454427604228414,40.80440440861806,89960800,40.66392517089844
2019-02-14,40.66392517089844,40.773439560677936,40.32585316707472,40.404419733377416,87342800,40.573455810546875
2019-02-15,40.573455810546875,40.878196888280435,40.41394318648323,40.77106197752727,98507200,40.694889068603516
2019-02-19,40.694889068603516,40.81631182485076,40.35205796132108,40.40443569287842,75891200,40.956790924072266
2019-02-20,40.956790924072266,41.263915324697386,40.70918999467142,40.7568051388482,104457600,40.7258415222168
2019-02-21,40.7258415222168,41.03772480134233,40.544902575152015,40.902021499244135,68998800,41.180564880371094
2019-02-22,41.180564880371094,41.18770696667767,40.80201977491948,40.84963489456358,75652800,41.48055648803711
2019-02-25,41.48055648803711,41.87100640476121,41.41389457294777,41.46389282566573,87493600,41.504364013671875
2019-02-26,41.504364013671875,41.73530122089329,41.228191159064565,41.356756012982544,68280800,41.63291931152344
2019-02-27,41.63291931152344,41.663870778026364,41.12342983703562,41.237710498215094,111341600,41.22342300415039
2019-02-28,41.22342300415039,41.64244483272273,41.16866579075333,41.501978939190536,112861600,41.65672302246094
2019-03-01,41.65672302246094,41.69957553997126,41.16151778980415,41.4924477730699,103544800,41.866241455078125
2019-03-04,41.866241455078125,42.318590618981844,41.41865126099976,41.8281478996669,109744800,41.79005813598633
2019-03-05,41.79005813598633,41.9019556946587,41.554358327395256,41.8876715182838,78949600,41.549598693847656
2019-03-06,41.549598693847656,41.78053589569321,41.41151226975844,41.58530913421484,83241600,41.06867980957031
2019-03-07,41.06867980957031,41.53055423911175,40.95440276119777,41.39484729251784,99185600,41.166282653808594
2019-03-08,41.166282653808594,41.20437620444497,40.35443156577534,40.54965828818608,95997600,42.592376708984375
2019-03-11,42.592376708984375,42.64475443502301,41.747198271035906,41.78052922098767,128044000,43.070926666259766
2019-03-12,43.070926666259766,43.48994492286504,42.70428251302859,42.854273633241505,129870400,43.26138687133789
2019-03-13,43.26138687133789,43.63993204857632,43.07330220879454,43.38994808203721,124130000,43.74230194091797
2019-03-14,43.74230194091797,43.83039373846659,43.46374963935355,43.78277497966139,94318000,44.311302185058594
2019-03-15,44.311302185058594,44.59937963267705,43.74467612555862,44.00894419863652,156171600,44.76365661621094
2019-03-18,44.76365661621094,44.85174476640295,44.23273733223031,44.23512044945754,104879200,44.40891647338867
2019-03-19,44.40891647338867,44.994592951140454,44.263688004342946,44.84222239614171,126585600,44.797000885009766
2019-03-20,44.797000885009766,45.11364678234836,43.980387016546715,44.337505957977974,124140800,46.44687271118164
2019-03-21,46.44687271118164,46.74209224259424,45.18981475936104,45.239812992435944,204136800,45.48504638671875
2019-03-22,45.48504638671875,47.065892633364044,45.420763965042106,46.50640488188507,169630800,44.935089111328125
2019-03-25,44.935089111328125,45.70646373072087,44.42559954645936,45.594566167299995,175381200,44.4708251953125
2019-03-26,44.4708251953125,45.920730708925866,43.944672043567564,45.63027370922542,199202000,44.87080001831055
2019-03-27,44.87080001831055,45.17792067619841,44.413688258793016,44.93746192285677,119393600,44.93031692504883
2019-03-28,44.93031692504883,45.13030262573335,44.647002032678536,44.98507413606459,83121600,45.22315216064453
2019-03-29,45.22315216064453,45.254103625195796,44.88745955109944,45.194583813551674,94256000,45.530277252197266
2019-04-01,45.530277252197266,45.6350290710456,44.84937044927723,45.625507499441596,111448000,46.192138671875
2019-04-02,46.192138671875,46.29689412668294,45.485042984722554,45.494564556613646,91062800,46.50878143310547
2019-04-03,46.50878143310547,46.78257110861055,45.98500419384211,46.00881357119078,93087200,46.5897331237793
2019-04-04,46.5897331237793,46.75162528431652,45.98263025616197,46.37545960019598,76457200,46.901611328125
2019-04-05,46.901611328125,46.92542070577744,46.646864791887666,46.77066701663857,74106400,47.6396598815918
2019-04-08,47.6396598815918,47.67060771411414,46.74447956713856,46.763526343275984,103526800,47.4968147277832
2019-04-09,47.4968147277832,48.294381741495606,47.43253230720783,47.69204147441901,143072800,47.763465881347656
2019-04-10,47.763465881347656,47.792037866383424,47.182551833909685,47.301591478620686,86781200,47.365867614746094
2019-04-11,47.365867614746094,47.8539308198169,47.2444485010714,47.818220384265864,83603200,47.34682083129883
2019-04-12,47.34682083129883,47.64918250585792,46.713532766545136,47.42538742230085,111042800,47.432525634765625
2019-04-15,47.432525634765625,47.58013723283315,47.142068673382234,47.27777558297322,70146400,47.43729019165039
2019-04-16,47.43729019165039,47.94201703520826,47.27301492918647,47.48728843219198,102785600,48.36103439331055
2019-04-17,48.36103439331055,48.42055419987631,47.28491527341734,47.50632721009765,115627200,48.53483200073242
2019-04-18,48.53483200073242,48.603873379039385,48.21580670422305,48.35865206262389,96783200,48.69434356689453
2019-04-22,48.69434356689453,48.79195692095308,48.17294948323619,48.28960961121841,77758000,49.396690368652344
2019-04-23,49.396690368652344,49.46097279452284,48.54436606939777,48.67054780323138,93292000,49.320491790771484
2019-04-24,49.320491790771484,49.634754470227186,49.294302931416794,49.36810690792531,70162400,48.87290954589844
2019-04-25,48.87290954589844,49.46334508558559,48.83481599293768,49.24193312050334,74172800,48.63960266113281
2019-04-26,48.63960266113281,48.806257447808854,48.12058788799669,48.782448064225754,74596400,48.71339416503906
2019-04-29,48.71339416503906,49.0371820815589,48.5348347323877,48.66339592546426,88818800,47.77535629272461
2019-04-30,47.77535629272461,48.425311541396056,47.40395329348379,48.344365479059064,186139600,50.12043380737305
2019-05-01,50.12043380737305,51.260831567980475,49.81330960741805,49.96806326588228,259309200,49.794281005859375
2019-05-02,49.794281005859375,50.62755850337996,49.55144275077052,49.95855629376169,127985200,50.41327667236328
2019-05-03,50.41327667236328,50.43470293107204,50.05139522758998,50.208528390389,83569600,49.634761810302734
2019-05-06,49.634761810302734,49.7204704869746,48.4491281436762,48.63720915572776,129772400,48.2967529296875
2019-05-07,48.2967529296875,49.382393641433325,47.813452381544515,49.01575322424928,155054800,48.30628204345703
2019-05-08,48.30628204345703,48.88719603885827,48.03249233826774,48.06820277536153,105358000,47.78728103637695
2019-05-09,47.78728103637695,48.01583514746375,46.820679585801074,47.71109391081329,139634400,47.125244140625
2019-05-10,47.125244140625,47.524370793548194,46.071274225403876,47.1826045112537,164834800,44.3863525390625
2019-05-13,44.3863525390625,45.28497649247843,43.700434952267486,44.86195605399725,229722400,45.08900451660156
2019-05-14,45.08900451660156,45.33755885279071,44.31226720167281,44.551263298573964,146118800,45.62914276123047
2019-05-15,45.62914276123047,45.827509995697774,44.4580631300962,44.517812165292675,106178800,45.42838668823242
2019-05-16,45.42838668823242,45.99958731645048,45.13203016205216,45.38775778208372,132125600,45.170257568359375
2019-05-17,45.170257568359375,45.624348646044616,44.63490505470456,44.67553394929403,131516400,43.75779724121094
2019-05-20,43.75779724121094,44.05893467607337,43.08621875043243,43.860567465632776,154449200,44.59667205810547
2019-05-21,44.59667205810547,44.93126512693006,44.14257729693959,44.26685628541341,113459200,43.683712005615234
2019-05-22,43.683712005615234,44.38397255733177,43.62874391724978,44.13302589344985,118994400,42.93803787231445
2019-05-23,42.93803787231445,43.148351949089296,42.495893652579475,42.97149717862801,146118800,42.77313232421875
2019-05-24,42.77313232421875,43.53074952387793,42.68948223047205,43.067096506223606,94858800,42.596282958984375
2019-05-28,42.596282958984375,43.16031402104863,42.51980608701884,42.76119088661212,111792800,42.393131256103516
2019-05-29,42.393131256103516,42.86395388562777,42.0633154565731,42.163693385388605,113924800,42.612998962402344
2019-05-30,42.612998962402344,42.83526355157683,42.22343421090967,42.52934888124325,84873600,41.841060638427734
2019-05-31,41.841060638427734,42.53892900730646,41.821940507484086,42.11829342013039,108174400,41.41801452636719
2019-06-03,41.41801452636719,42.522175065927414,40.69385681577377,41.96770614858801,161584400,42.93326950073242
2019-06-04,42.93326950073242,42.97867935405244,41.7096103437768,41.92948637061777,123872000,43.6263427734375
2019-06-05,43.6263427734375,44.21188608599536,43.29174972065366,44.04219726486092,119093600,44.2668571472168
2019-06-06,44.2668571472168,44.326606171155184,43.5331373827937,43.75540564817583,90105200,45.44511032104492
2019-06-07,45.44511032104492,45.86813447046718,44.39830980535762,44.57516459850568,122737600,46.02587127685547
2019-06-10,46.02587127685547,46.692668818811526,45.79643340678976,45.84184325115213,104883600,46.55883026123047
2019-06-11,46.55883026123047,46.843236207404864,46.2696470186837,46.570780795743644,107731600,46.410648345947266
2019-06-12,46.410648345947266,46.836061067320955,46.21945075676128,46.35328797515427,73012800,46.401092529296875
2019-06-13,46.401092529296875,47.03204210337555,46.269647588406826,46.53254111697809,86698400,46.064109802246094
2019-06-14,46.064109802246094,46.26725429994497,45.48095873253902,45.77970385867657,75046000,46.338951110839844
2019-06-17,46.338951110839844,46.59467867410405,45.92787754991537,46.10234367212921,58676400,47.428768157958984
2019-06-18,47.428768157958984,47.868520040364245,46.65442324476505,46.85517906323825,106204000,47.2901725769043
2019-06-19,47.2901725769043,47.77055722866201,47.15633530070252,47.722755075625145,84496800,47.670162200927734
2019-06-20,47.670162200927734,47.945006248507305,47.32839589241973,47.88764587347905,86056000,47.50764465332031
2019-06-21,47.50764465332031,48.002368332728025,47.35707594275429,47.512425596440636,191202400,47.459835052490234
2019-06-24,47.459835052490234,47.83744924119532,47.36184579881311,47.45027316848795,72881600,46.740478515625
2019-06-25,46.740478515625,47.622371240341856,46.673556238992205,47.42400399945902,84281200,47.75141525268555
2019-06-26,47.75141525268555,48.03582115790758,47.16587561376463,47.266253524997595,104270000,47.73708724975586
2019-06-27,47.73708724975586,48.174450595474106,47.69645834618091,47.86853220087833,83598800,47.3021125793457
2019-06-28,47.3021125793457,47.67972689411709,47.09418711775815,47.48374832133551,124442400,48.16965866088867
2019-07-01,48.16965866088867,48.872307690511114,47.95456000971146,48.556831127500786,109012000,48.4516716003418
2019-07-02,48.4516716003418,48.54727221513432,48.124248155805006,48.13619868850289,67740800,48.853187561035156
2019-07-03,48.853187561035156,48.86035715139442,48.44211402874797,48.58312083486759,45448000,48.810176849365234
2019-07-05,48.810176849365234,49.013325011259084,48.49231157030816,48.59986274236455,69062000,47.80400085449219
2019-07-08,47.80400085449219,48.133812992062914,47.41921698833378,47.99280616855415,101354400,48.095577239990234
2019-07-09,48.095577239990234,48.160103562324515,47.51481481144376,47.60802314605108,82312000,48.5711784362793
2019-07-10,48.5711784362793,48.69067649133362,48.1720553700128,48.2413662841474,71588400,48.21746826171875
2019-07-11,48.21746826171875,48.84841788640936,48.207910021298474,48.590301633564366,80767200,48.5879020690918
2019-07-12,48.5879020690918,48.7551985897967,48.32500493170507,48.38475394958472,70380800,49.04439926147461
2019-07-15,49.04439926147461,49.20213394156513,48.75521232885727,48.776721106125294,67789600,48.87470245361328
2019-07-16,48.87470245361328,49.25948632051337,48.63570635359561,48.89621122738501,67467200,48.599853515625
2019-07-17,48.599853515625,49.0157043539387,48.58073339192921,48.76715003947481,56430000,49.15193557739258
2019-07-18,49.15193557739258,49.20451500768722,48.68350164752872,48.75520120218422,74162400,48.418216705322266
2019-07-19,48.418216705322266,49.35269228680589,48.36324862605585,49.18300345934316,83717200,49.52476501464844
2019-07-22,49.52476501464844,49.527153662460286,48.66198907179927,48.671547309837216,89111600,49.911949157714844
2019-07-23,49.911949157714844,49.928680636686046,49.5415044398914,49.821133111328635,73420800,49.87131118774414
2019-07-24,49.87131118774414,49.98602828414967,49.512817070534965,49.63231510960469,59966400,49.47697067260742
2019-07-25,49.47697067260742,50.0075422744963,49.407659765565704,49.923892185802046,55638400,49.64905548095703
2019-07-26,49.64905548095703,50.12465542771981,49.50565634966482,49.58691415556109,70475600,50.112701416015625
2019-07-29,50.112701416015625,50.34213928080888,49.8163485805303,49.821129523719435,86693600,49.897613525390625
2019-07-30,49.897613525390625,50.227429363633455,49.5462889099037,49.89283258151694,135742800,50.91573715209961
2019-07-31,50.91573715209961,52.906575478576855,50.4998861935349,51.7235452895837,277125600,49.81394577026367
2019-08-01,49.81394577026367,52.10830934671211,49.410045502425135,51.121254477006445,216071600,48.759986877441406
2019-08-02,48.759986877441406,49.335964725004594,48.18878632633897,49.12086968695259,163448400,46.20749282836914
2019-08-05,46.20749282836914,47.47656119888143,46.025857153447284,47.318826586329074,209572000,47.08222579956055
2019-08-06,47.08222579956055,47.33795334497197,46.37479582762902,46.91731792774056,143299200,47.56978225708008
2019-08-07,47.56978225708008,47.69406125048899,46.32222596704192,46.702228891752036,133457600,48.618980407714844
2019-08-08,48.618980407714844,48.642881479152365,47.65343765837779,47.84702393793063,108038000,48.218326568603516
2019-08-09,48.218326568603516,48.642954191627155,47.810486668464634,48.292696254195924,98478800,48.095977783203125
2019-08-12,48.095977783203125,48.47262901521788,47.7769048588154,47.88966009001431,89927600,50.13276290893555
2019-08-13,50.13276290893555,50.893258509725875,48.09597566675704,48.22552593805543,188874000,48.64057159423828
2019-08-14,48.64057159423828,49.5258185877482,48.60218604759379,48.7389331847721,146189600,48.39826583862305
2019-08-15,48.39826583862305,49.213938506270125,47.90166247767573,48.81090128055658,108909600,49.54021072387695
2019-08-16,49.54021072387695,49.69854835341414,48.90206475803103,49.00762317772249,110481600,50.463836669921875
2019-08-19,50.463836669921875,51.03480602660316,50.38706558899019,50.528608151230536,97654400,50.46623611450195
2019-08-20,50.46623611450195,51.18355082625258,50.4566415593816,50.590987294947006,107537200,51.013221740722656
2019-08-21,51.013221740722656,51.25552363068702,50.763723018625974,51.097189663129065,86141600,50.970027923583984
2019-08-22,50.970027923583984,51.445037028037035,50.559790292024886,51.145156895818616,89014800,48.61417770385742
2019-08-23,48.61417770385742,50.87167667544053,48.220735037045706,50.243125301638166,187272000,49.537811279296875
2019-08-26,49.537811279296875,49.70574345904227,49.194746427216245,49.38667048720254,104174400,48.97883605957031
2019-08-27,48.97883605957031,50.03201521587099,48.827695261576054,49.866480753429116,103493200,49.3074951171875
2019-08-28,49.3074951171875,49.35307748719448,48.777309044460935,48.96443397138166,63755200,50.142372131347656
2019-08-29,50.142372131347656,50.21674550325925,49.578599495883154,50.02002231545943,83962000,50.07760238647461
2019-08-30,50.07760238647461,50.48783650508239,49.70814788060656,50.418265900044815,84573600,49.34829330444336
2019-09-03,49.34829330444336,49.655370388192495,48.99323611272985,49.52342234580476,80092000,50.185550689697266
2019-09-04,50.185550689697266,50.255121283851096,49.73693109197349,49.99362663387558,76752400,51.166751861572266
2019-09-05,51.166751861572266,51.33228629473703,50.74212053223393,50.859674872176875,95654800,51.161956787109375
2019-09-06,51.161956787109375,51.4402464746383,50.982028677859134,51.35148311214848,77449200,51.38026809692383
2019-09-09,51.38026809692383,51.92485150775339,50.636567475633186,51.5410034279187,109237600,51.98722839355469
2019-09-10,51.98722839355469,52.00642116476611,50.790109031997794,51.30590148845998,127111600,53.64017868041992
2019-09-11,53.64017868041992,53.668969673381696,52.23433993559697,52.31591014489986,177158400,53.52021789550781
2019-09-12,53.52021789550781,54.31909918340094,53.46504096397798,53.930455617643666,128906800,52.479042053222656
2019-09-13,52.479042053222656,52.96844499471411,52.06400882562303,52.77892229352678,159053200,52.754920959472656
2019-09-16,52.754920959472656,52.81010154946968,52.19354612874398,52.23432939484169,84632400,52.94684982299805
2019-09-17,52.94684982299805,52.97564081276649,52.567800793429946,52.76932307922049,73274800,53.44344711303711
2019-09-18,53.44344711303711,53.46263988380928,52.64456587529819,53.0332094166562,101360000,53.009220123291016
2019-09-19,53.009220123291016,53.68094878345625,52.867673899298595,53.261116540529656,88242400,52.23432159423828
2019-09-20,52.23432159423828,53.393058901429434,52.17194784257662,53.109973804680834,221652400,52.47183609008789
2019-09-23,52.47183609008789,52.74052756724027,52.21513689194302,52.52701301972165,76662000,52.22233200073242
2019-09-24,52.22233200073242,53.37627400150818,52.1047813136798,53.026012342649935,124763200,53.02602005004883
2019-09-25,53.02602005004883,53.1387753063045,52.092792946174384,52.43105871494141,87613600,52.752525329589844
2019-09-26,52.752525329589844,53.00442542844722,52.498227506977486,52.77891493348246,75334000,52.49583435058594
2019-09-27,52.49583435058594,53.00922914863513,52.12637986394513,52.9084661718078,101408000,53.73133087158203
2019-09-30,53.73133087158203,53.8776725443419,52.968433797976715,52.99482339997101,103909600,53.88008117675781
2019-10-01,53.88008117675781,54.750934558240175,53.7865186890434,53.99523782367357,139223200,52.529422760009766
2019-10-02,52.529422760009766,53.63777894021879,52.28231807789279,53.51302773713352,138449200,52.97563934326172
2019-10-03,52.97563934326172,53.009225779853956,51.61058406203605,52.402264876088374,114426000,54.46063995361328
2019-10-04,54.46063995361328,54.57579658165948,53.71214017454711,54.131972438434296,138478800,54.47264099121094
2019-10-07,54.47264099121094,55.161164797015786,54.17995760700077,54.283118305032474,122306000,53.83448791503906
2019-10-08,53.83448791503906,54.712537951919714,53.81769652866201,54.175155017507095,111820000,54.46544647216797
2019-10-09,54.46544647216797,54.64777233374476,54.13197980362061,54.46544647216797,74770400,55.199554443359375
2019-10-10,55.199554443359375,55.28352237449075,54.530223360975704,54.681360512105755,113013600,56.66777038574219
2019-10-11,56.66777038574219,57.010831620665336,55.73214184744304,55.88568038276659,166795600,56.5861930847168
2019-10-14,56.5861930847168,57.12837882948465,56.29830882465834,56.353485756513194,96427600,56.454254150390625
2019-10-15,56.454254150390625,57.01322767590327,56.34869572407409,56.71094972289009,87360000,56.226348876953125
2019-10-16,56.226348876953125,56.43506803019528,55.94566138878032,55.98644466545694,73903200,56.444644927978516
2019-10-17,56.444644927978516,56.65336035527154,56.02241496568268,56.39906255635208,67585200,56.71574783325195
2019-10-18,56.71574783325195,56.99643528339095,56.20714848455597,56.279120470382004,97433600,57.69934844970703
2019-10-21,57.69934844970703,57.8145050826637,56.93405725098848,56.9820373510636,87247200,57.567405700683594
2019-10-22,57.567405700683594,58.104788693598735,57.48583550156147,57.85528996983772,82293600,58.33988952636719
2019-10-23,58.33988952636719,58.35428685033186,57.869679441632414,58.08079626535233,75828800,58.43585205078125
2019-10-24,58.43585205078125,58.72853540039477,58.011220689350694,58.65896114841544,69275200,59.15556335449219
2019-10-25,59.15556335449219,59.19154751127854,58.26791876751091,58.33509163394323,73477200,59.748130798339844
2019-10-28,59.748130798339844,59.79611089742203,59.1891536754474,59.35708585255852,96572800,58.36627960205078
2019-10-29,58.36627960205078,59.91606203658459,58.19355198019087,59.728937090643406,142839600,58.35908889770508
2019-10-30,58.35908889770508,58.84849546974143,57.86728826237409,58.718945163935885,124522000,59.67855453491211
2019-10-31,59.67855453491211,59.77691611414118,56.91965683308477,59.313902865640614,139162000,61.37228775024414
2019-11-01,61.37228775024414,61.39867369524902,59.77452506763022,59.86568616480788,151125200,61.775325775146484
2019-11-04,61.775325775146484,61.859293701624026,61.26673008968638,61.73453884355642,103272000,61.68655776977539
2019-11-05,61.68655776977539,61.940855593414504,61.49223598607557,61.667361337070204,79897600,61.71295166015625
2019-11-06,61.71295166015625,61.77292770781891,61.26433199504674,61.60019639769865,75864400,62.4251823425293
2019-11-07,62.4251823425293,62.64656000743047,62.10755639243026,62.259150929671776,94940400,62.596046447753906
2019-11-08,62.596046447753906,62.668230843713935,61.804389970107614,62.24713806630478,69986400,63.09172821044922
2019-11-11,63.09172821044922,63.15669416268931,62.14847721788769,62.15328706288794,81821200,63.03396987915039
2019-11-12,63.03396987915039,63.23369225641029,62.78372577398594,62.93531298752282,87388800,63.637935638427734
2019-11-13,63.637935638427734,63.71252861529015,62.819814143525335,62.834251020126196,102734400,63.197593688964844
2019-11-14,63.197593688964844,63.736589975912096,63.067654461478035,63.464683238676635,89182800,63.9483528137207
2019-11-15,63.9483528137207,63.95316265888821,63.28663561107302,63.44784987184769,100206400,64.27078247070312
2019-11-18,64.27078247070312,64.35018529631039,63.580191577203664,63.95796632642828,86703200,64.07586669921875
2019-11-19,64.07586669921875,64.48733232322434,63.85930623096703,64.46326841713567,76167200,63.329952239990234
2019-11-20,63.329952239990234,64.02535311116276,62.65860794020665,63.89542118986976,106234400,63.04601287841797
2019-11-21,63.04601287841797,63.52726176608309,62.846290477802796,63.450260181670615,121395200,62.99064636230469
2019-11-22,62.99064636230469,63.32751900671623,62.764458870355604,63.18555151168825,65325200,64.09512329101562
2019-11-25,64.09512329101562,64.1119687621998,63.16871783845167,63.214437064080556,84020400,63.59462356567383
2019-11-26,63.59462356567383,64.28521440608328,63.16390384145732,64.2322767453233,105207600,64.44883728027344
2019-11-27,64.44883728027344,64.48252822045184,63.84005785272113,63.90502379599888,65235600,64.30686950683594
2019-11-29,64.30686950683594,64.48733780292622,63.98202510521868,64.15046511887911,46617600,63.5633659362793
2019-12-02,63.5633659362793,64.54751921572853,63.39252460509697,64.3117045727774,94487200,62.43001174926758
2019-12-03,62.43001174926758,62.4492584727649,61.66963766381255,62.155696372325146,114430400,62.981040954589844
2019-12-04,62.981040954589844,63.35882310204498,62.72597962601802,62.81982668593476,67181600,63.905029296875
2019-12-05,63.905029296875,63.9796296217953,63.21925558453559,63.47431687853907,74424400,65.13944244384766
2019-12-06,65.13944244384766,65.20922559007963,64.3189121926835,64.36223017433375,106075600,64.22747802734375
2019-12-09,64.22747802734375,65.16109467560312,63.74382055858157,64.96859806309656,128042400,64.60285949707031
2019-12-10,64.60285949707031,64.98545151813082,63.972417225633926,64.6317332581653,90420400,65.15385437011719
2019-12-11,65.15385437011719,65.23326451999995,64.60763972440519,64.68223268746318,78756800,65.31990814208984
2019-12-12,65.31990814208984,65.58459649359327,64.3237267833271,64.43441196912849,137310400,66.20781707763672
2019-12-13,66.20781707763672,66.24390927709698,65.19238158759332,65.31991225453659,133587600,67.3411636352539
2019-12-16,67.3411636352539,67.56494998316613,66.64817129927935,66.65298114531323,128186000,67.47348022460938
2019-12-17,67.47348022460938,67.80072584183416,67.08607117183297,67.2713566357459,114158400,67.3122787475586
2019-12-18,67.3122787475586,67.83202842109593,67.16309276912453,67.3267156265506,116028400,67.379638671875
2019-12-19,67.379638671875,67.65876384392536,67.12217615688571,67.25451663334493,98369200,67.24008178710938
2019-12-20,67.24008178710938,68.01248404193913,67.02833114376412,67.91142590788041,275978000,68.33734130859375
2019-12-23,68.33734130859375,68.39749741890061,67.46387341201411,67.50237420380351,98572000,68.4023208618164
2019-12-24,68.4023208618164,68.55151421338667,68.07748367620525,68.50338637826378,48478800,69.75941467285156
2019-12-26,69.75941467285156,69.77626014178544,68.50576371301644,68.53463746360407,93121200,69.73294830322266
2019-12-27,69.73294830322266,70.73635528399755,69.32870107290967,70.05057427415741,146266000,70.14682006835938
2019-12-30,70.14682006835938,70.4283538378636,68.6308893370176,69.6511344086115,144114400,70.65934753417969
2019-12-31,70.65934753417969,70.66656597182994,69.66556767244613,69.76422454918179,100805600,72.27154541015625
2020-01-02,72.27154541015625,72.33170151465225,71.02992253216576,71.28257523373918,135480400,71.56891632080078
2020-01-03,71.56891632080078,72.32688174170664,71.34513738245916,71.50154177990413,146322800,72.13919830322266
2020-01-06,72.13919830322266,72.17769909168206,70.442799076604,70.69305052995288,118387200,71.79991912841797
2020-01-07,71.79991912841797,72.40388138645835,71.58095004051803,72.148820106767,108872000,72.95490264892578
2020-01-08,72.95490264892578,73.25568310862707,71.50393800505775,71.50393800505775,132079200,74.50452423095703
2020-01-09,74.50452423095703,74.69702078802769,73.67918441118903,73.92942846672628,170108400,74.67295837402344
2020-01-10,74.67295837402344,75.23602586841082,74.17246290967955,74.73793165436904,140644800,76.268310546875
2020-01-13,76.268310546875,76.29478305034202,74.87028331939693,74.98819427311953,121532000,75.23844146728516
2020-01-14,75.23844146728516,76.4150983993522,75.11572800719021,76.2057563300334,161954400,74.91600799560547
2020-01-15,74.91600799560547,75.91700649010697,74.48528821645434,75.0387288028542,121923600,75.85444641113281
2020-01-16,75.85444641113281,75.96513894112196,75.09648089083629,75.4574175522418,108829200,76.6942138671875
2020-01-17,76.6942138671875,76.69661511764261,75.7966822559434,76.10227258526983,137816400,76.17447662353516
2020-01-21,76.17447662353516,76.76400206376488,76.03731893774885,76.32366259336249,110843200,76.44638061523438
2020-01-22,76.44638061523438,76.99740524586852,76.35253356734525,76.65812393494353,101832400,76.81453704833984
2020-01-23,76.81453704833984,76.89393987673444,75.95309750344295,76.49931964228543,104472000,76.59314727783203
2020-01-24,76.59314727783203,77.80107904499712,76.40305195787334,77.05995917143782,146537600,74.3409194946289
2020-01-27,74.3409194946289,75.01947479638015,73.36157631651781,74.60800908323662,161940000,76.44396209716797
2020-01-28,76.44396209716797,76.6148033558296,75.12052796860432,75.2191848484719,162234000,78.04414367675781
2020-01-29,78.04414367675781,78.8887379591413,77.33189726555223,78.07061618830397,216229200,77.93102264404297
2020-01-30,77.93102264404297,77.98396030536023,76.69902690059489,77.12974662934549,126743200,74.47565460205078
2020-01-31,74.47565460205078,77.64467359137022,74.18209256314945,77.22358092411761,199588400,74.2711410522461
2020-02-03,74.2711410522461,75.43335387455234,72.72151906032097,73.22201466798846,173788400,76.72309112548828
2020-02-04,76.72309112548828,76.91318645690339,75.46703146839315,75.87127869651542,136616400,77.34871673583984
2020-02-05,77.34871673583984,78.14518291668757,76.74715573258482,77.84680366564679,118826800,78.25347900390625
2020-02-06,78.25347900390625,78.25588759836752,77.06239232642683,77.61823424457238,105425600,77.18980407714844
2020-02-07,77.18980407714844,78.00263182401238,76.70017745261804,77.75420072606255,117684000,77.55643463134766
2020-02-10,77.55643463134766,77.55643463134766,75.69923310986869,75.77882441135435,109348800,77.08848571777344
2020-02-11,77.08848571777344,78.12321641331339,76.87141125259707,78.05086071182195,94323200,78.9191665649414
2020-02-12,78.9191665649414,78.9239878248454,77.53711376977571,77.53711376977571,113730400,78.35718536376953
2020-02-13,78.35718536376953,78.68280077942906,77.99057083277162,78.19317418101016,94747600,78.37645721435547
2020-02-14,78.37645721435547,78.62488821058194,77.86994534379362,78.32580087480906,80113600,76.94136810302734
2020-02-18,76.94136810302734,77.12226473649841,75.88251627530599,76.06341290877705,152531200,78.05570983886719
2020-02-19,78.05570983886719,78.2848485765665,77.1825830458735,77.1825830458735,93984000,77.25491333007812
2020-02-20,77.25491333007812,78.30411519495496,76.75081563386378,77.81690294978998,100566000,75.5062255859375
2020-02-21,75.5062255859375,77.29107763684756,74.89118019048897,76.84968588281482,129554000,71.91967010498047
2020-02-24,71.91967010498047,73.36684305832843,69.76097486599113,71.69777437412706,222195200,69.48358917236328
2020-02-25,69.48358917236328,72.96886672904328,69.01326241271661,72.58778111739974,230673600,70.58586883544922
2020-02-26,70.58586883544922,71.8473240795573,69.10251783059799,69.10975340191128,198054800,65.97178649902344
2020-02-27,65.97178649902344,68.98190880585912,65.8367176160919,67.8000523998572,320605600,65.93318939208984
2020-02-28,65.93318939208984,67.15123091808199,61.835280759075644,62.0499482580576,426510000,72.0716323852539
2020-03-02,72.0716323852539,72.70597777742344,66.98481977694166,68.08467075383604,341397200,69.78268432617188
2020-03-03,69.78268432617188,73.32343252495296,68.93367144924383,73.24384124809224,319475600,73.01950073242188
2020-03-04,73.01950073242188,73.17869059647481,70.70161622739258,71.49997249663515,219178400,70.65100860595703
2020-03-05,70.65100860595703,72.25012902949548,70.28680094497189,71.27811119054252,187572800,69.71273803710938
2020-03-06,69.71273803710938,70.14448006147832,67.8314160013331,68.01713389438318,226176800,64.19901275634766
2020-03-09,64.19901275634766,67.07405914136177,63.43441974354321,63.61531637779285,286744800,68.82269287109375
2020-03-10,68.82269287109375,69.08800927675087,64.97080213278336,66.84489505583919,285290000,66.4324722290039
2020-03-11,66.4324722290039,67.82899618098686,65.57140256073914,66.9052206904251,255598800,59.87195587158203
2020-03-12,59.87195587158203,65.12278275616039,59.816481938991764,61.731574731862445,418474000,67.04510498046875
2020-03-13,67.04510498046875,67.51543909047871,61.01039330045894,63.89027147674693,370732000,58.419960021972656
2020-03-16,58.419960021972656,62.4889229945198,57.88691638094368,58.35724684046864,322423600,60.988685607910156
2020-03-17,60.988685607910156,62.1343603897057,57.50099755431687,59.69828839419459,324056000,59.495697021484375
2020-03-18,59.495697021484375,60.298878525080625,57.192279125756,57.83144944633274,300233600,59.03984069824219
2020-03-19,59.03984069824219,60.983876053502776,58.516446847237546,59.66936116979186,271857200,55.29166030883789
2020-03-20,55.29166030883789,60.740266023209095,54.99257655004273,59.61870468799079,401693200,54.11702346801758
2020-03-23,54.11702346801758,55.11316188237845,51.28056622079162,55.01186023215794,336752800,59.54634094238281
2020-03-24,59.54634094238281,59.74170869121859,56.512101379550025,57.00896347667582,287531200,59.21831130981445
2020-03-25,59.21831130981445,62.28872853386047,58.92405254951491,60.47976255514235,303602000,62.33456039428711
2020-03-26,62.33456039428711,62.39244495401999,59.42091855638433,59.45951071644022,252087200,59.75376510620117
2020-03-27,59.75376510620117,61.714681710456084,59.587339648494336,60.96215304640848,204216800,61.459022521972656
2020-03-30,61.459022521972656,61.630272940074015,60.154154031335516,60.47735878660068,167976400,61.333595275878906
2020-03-31,61.333595275878906,63.31139742053906,60.78125926146835,61.649564437343955,197002000,58.10640335083008
2020-04-01,58.10640335083008,59.990139440698485,57.6770756954336,59.45468518637688,176218400,59.076011657714844
2020-04-02,59.076011657714844,59.12907496179199,57.13921209995254,57.96892520332119,165934000,58.22700119018555
2020-04-03,58.22700119018555,59.26172817079223,57.63848363538416,58.56226275717802,129880000,63.306583404541016
2020-04-06,63.306583404541016,63.4609446975246,60.14933518159841,60.51594969304915,201820400,62.573341369628906
2020-04-07,62.573341369628906,65.53281460871749,62.46962908019549,65.31573278898928,202887200,64.17491912841797
2020-04-08,64.17491912841797,64.48847048402055,63.00753323366929,63.371733607486384,168895200,64.63794708251953
2020-04-09,64.63794708251953,65.13963759143172,63.84441958752573,64.80920110083508,161834800,65.90666198730469
2020-04-13,65.90666198730469,66.0152028927721,64.11698836636067,64.71515578008704,131022800,69.23516082763672
2020-04-14,69.23516082763672,69.5245983530926,67.06440146882377,67.53473560751405,194994800,68.60324096679688
2020-04-15,68.60324096679688,69.0615109892011,67.68670092198845,68.11361434863234,131154400,69.14833068847656
2020-04-16,69.14833068847656,69.51253820784274,68.10154321976958,69.31475615357093,157125200,68.2100830078125
2020-04-17,68.2100830078125,69.21105020012682,66.77738117936849,68.66594602627303,215250000,66.79425048828125
2020-04-20,66.79425048828125,67.93992881208341,66.7749580920623,67.04027454445135,130015200,64.72964477539062
2020-04-21,64.72964477539062,66.87146231135321,64.02052931116778,66.63750234716127,180991600,66.59408569335938
2020-04-22,66.59408569335938,67.02823469257027,65.65342462126695,65.99350383291697,116862400,66.33599853515625
2020-04-23,66.33599853515625,67.95683260093587,66.29740637160167,66.53860187329087,124814400,68.25108337402344
2020-04-24,68.25108337402344,68.2607332539519,66.81114610399659,66.8593881429372,126161200,68.29934692382812
2020-04-27,68.29934692382812,68.62978364860732,67.52269696076952,67.96890283834492,117087600,67.1922378540039
2020-04-28,67.1922378540039,68.94090519524222,67.10058974876348,68.76000857373481,112004800,69.39918518066406
2020-04-29,69.39918518066406,69.86710504839203,68.47299532638776,68.67559866694484,137280800,70.86322021484375
2020-04-30,70.86322021484375,71.0392955430697,69.5487094297081,69.93703057079283,183064000,69.72238159179688
2020-05-01,69.72238159179688,72.11745102481503,68.94573182479387,69.04220854800435,240616800,70.7088851928711
2020-05-04,70.7088851928711,70.83671853428713,69.05910858714758,69.74651734637497,133568000,71.7701416015625
2020-05-05,71.7701416015625,72.5998548168976,71.02243398346705,71.16715277417963,147751200,72.51060485839844
2020-05-06,72.51060485839844,73.14012158473827,72.0860984199546,72.4695983843977,142333600,73.26071166992188
2020-05-07,73.26071166992188,73.6056267954184,72.83379832640894,73.1352926720061,115215200,75.00445556640625
2020-05-08,75.00445556640625,75.05766251679151,73.59206160601275,73.9185584660756,133838400,76.18466186523438
2020-05-11,76.18466186523438,76.67802725492889,74.3054951964832,74.5134886448119,145946400,75.31402587890625
2020-05-12,75.31402587890625,77.31653072784458,75.19310165522488,76.86668877782286,162301200,74.40467071533203
2020-05-13,74.40467071533203,76.41201718560454,73.33086305668714,75.4929886898536,200622400,74.86176300048828
2020-05-14,74.86176300048828,74.92222510630167,72.92455476842612,73.64526572674791,158929200,74.4191665649414
2020-05-15,74.4191665649414,74.46511834982786,72.60530362666714,72.63916594421597,166348400,76.17254638671875
2020-05-18,76.17254638671875,76.54499487384902,75.05037399647745,75.73964319895468,135178400,75.73240661621094
2020-05-19,75.73240661621094,77.03354472425552,75.70096514534589,76.18949622469526,101729600,77.20526885986328
2020-05-20,77.20526885986328,77.27539958314759,76.54985436932522,76.58855099973772,111504800,76.62968444824219
2020-05-21,76.62968444824219,77.60675427308676,76.3926703052991,77.06742956137252,102688800,77.12305450439453
2020-05-22,77.12305450439453,77.20528209037693,76.26690893879248,76.36848115298238,81803200,76.60063171386719
2020-05-26,76.60063171386719,78.41690783107812,76.54500393549849,78.23794241116512,125522000,76.93439483642578
2020-05-27,76.93439483642578,77.07950535982266,75.72031846461518,76.45796054995435,112945200,76.96824645996094
2020-05-28,76.96824645996094,78.22344013486418,76.334604889172,76.61030820274443,133560800,76.8932876586914
2020-05-29,76.8932876586914,77.66961902448975,76.53777018415474,77.21010850014466,153532400,77.83890533447266
2020-06-01,77.83890533447266,77.95982952875313,76.71672526884876,76.84732546524727,80791200,78.19925689697266
2020-06-02,78.19925689697266,78.22344321190015,77.13270462012565,77.57287045767401,87642800,78.6297378540039
2020-06-03,78.6297378540039,78.8909382167243,77.94772370544388,78.51848967465142,104491200,77.95256042480469
2020-06-04,77.95256042480469,78.7506570120071,77.58011190648487,78.45318827090249,87560400,80.17273712158203
2020-06-05,80.17273712158203,80.23319921594221,78.17265369717333,78.20167432156592,137250400,80.64678192138672
2020-06-08,80.64678192138672,80.68064424702604,79.161836279058,79.8704504648975,95654400,83.19342041015625
2020-06-09,83.19342041015625,83.58521359796022,80.29608159235194,80.32752306209885,147712400,85.33379364013672
2020-06-10,85.33379364013672,85.80055930851739,83.70131684314876,84.13906188270568,166651600,81.23688507080078
2020-06-11,81.23688507080078,84.90330810607846,81.1353128647156,84.4800733592576,201662400,81.93824768066406
2020-06-12,81.93824768066406,84.11488361837434,80.83058508428364,83.36999367827895,200146000,82.95157623291016
2020-06-15,82.95157623291016,83.60214898703789,80.43393362831908,80.59597529574442,138808800,85.14998626708984
2020-06-16,85.14998626708984,85.42086269022191,83.36998548456056,85.00004143146272,165428800,85.03147888183594
2020-06-17,85.03147888183594,85.95292070417966,84.91055468068187,85.89245860360263,114406400,85.0653305053711
2020-06-18,85.0653305053711,85.48131000026396,84.45828873010188,84.98793725501275,96820400,84.57923126220703
2020-06-19,84.57923126220703,86.23347359915019,83.47398219153365,85.76912875753186,264476000,86.79215240478516
2020-06-22,86.79215240478516,86.93484210515909,84.92508206837101,84.97103386449825,135445200,88.64468383789062
2020-06-23,88.64468383789062,90.05949829570565,87.61440740737248,88.03280774958151,212155600,87.07991790771484
2020-06-24,87.07991790771484,89.19125669896502,86.70746937530838,88.27464936907793,192623200,88.23599243164062
2020-06-25,88.23599243164062,88.27468907142966,86.47775676113488,87.234743631881,137522400,85.52485656738281
2020-06-26,85.52485656738281,88.3520651420764,85.37732519563349,88.13198219774738,205256800,87.49591064453125
2020-06-29,87.49591064453125,87.59023505976948,84.95650253776073,85.43294416349418,130646000,88.2262954711914
2020-06-30,88.2262954711914,88.51168219927229,87.06542607576557,87.08477070075071,140223200,88.0594253540039
2020-07-01,88.0594253540039,88.84543272516727,88.01106009800148,88.30369462192029,110737200,88.0594253540039
2020-07-02,88.0594253540039,89.59758515519175,87.94576368111557,88.96394347072363,114041600,90.4150161743164
2020-07-06,90.4150161743164,90.88178176519018,89.45245698793732,89.48389845748481,118655600,90.13448333740234
2020-07-07,90.13448333740234,91.5686426186408,90.02323513682953,90.79231129924504,112424400,92.23372650146484
2020-07-08,92.23372650146484,92.26516797551552,91.02206361133545,91.10913287644715,117092000,92.63035583496094
2020-07-09,92.63035583496094,93.17692818708905,91.58556900054663,93.12372124513385,125642800,92.79239654541016
2020-07-10,92.79239654541016,92.85044518286722,91.6170168108506,92.22647214944136,90257200,92.36431884765625
2020-07-13,92.36431884765625,96.69582436714335,92.15149108508342,94.09353334761987,191649200,93.89279174804688
2020-07-14,93.89279174804688,94.08384663898248,90.81648030417851,91.74759058853576,170989200,94.53852844238281
2020-07-15,94.53852844238281,96.01138416249864,93.34379687777705,95.7622806311285,153198000,93.375244140625
2020-07-16,93.375244140625,94.22896866329947,92.77787832126056,93.41394076875463,110577600,93.18661499023438
2020-07-17,93.18661499023438,93.97987752001936,92.71500761457771,93.82509836770011,92186800,95.1504135131836
2020-07-20,95.1504135131836,95.28826887148021,92.9302469895083,93.27367496235873,90318000,93.83718872070312
2020-07-21,93.83718872070312,96.01382454154418,93.58808513865422,95.93885212038768,103433200,94.10078430175781
2020-07-22,94.10078430175781,94.78037765198125,93.45263242150494,93.53969429469112,89001600,89.8176498413086
2020-07-23,89.8176498413086,93.91214102009206,89.00987716210209,93.83474776947158,197004400,89.59516143798828
2020-07-24,89.59516143798828,89.93858943355201,86.23830426873995,88.02073328072413,185438800,91.71857452392578
2020-07-27,91.71857452392578,91.81047808647506,90.43194679011566,90.6544431599045,121214000,90.21186828613281
2020-07-28,90.21186828613281,91.46706199244389,90.20702659484037,91.29051001469016,103625600,91.94109344482422
2020-07-29,91.94109344482422,92.12490060025137,90.6568789640174,90.69315474979174,90329200,93.05359649658203
2020-07-30,93.05359649658203,93.15758954142316,90.71008481567014,91.11638837269675,158130000,102.79524993896484
2020-07-31,102.79524993896484,102.94519477180637,97.53746050279906,99.53029641393837,374336800,105.38544464111328
2020-08-03,105.38544464111328,107.99740451645603,104.37452005882113,104.67198887947312,308151200,106.0892333984375
2020-08-04,106.0892333984375,107.17755133558114,104.85338408077652,105.5740950606223,173071600,106.4737548828125
2020-08-05,106.4737548828125,106.79299653251695,105.34674048719083,105.81109264863613,121776800,110.18854522705078
2020-08-06,110.18854522705078,110.68191802624929,106.21739865938491,106.80508849601155,202428800,107.6833267211914
2020-08-07,107.6833267211914,110.1667423327947,106.88863402123575,109.71124638392962,198045600,109.24848937988281
2020-08-10,109.24848937988281,110.26366188327368,106.60516497027935,109.12492193624439,212403600,105.99945831298828
2020-08-11,105.99945831298828,109.01105257691337,105.74021214896973,108.5143723583924,187902400,109.52224731445312
2020-08-12,109.52224731445312,109.77906819882288,106.89345997401914,107.08728454541514,165598000,111.46053314208984
2020-08-13,111.46053314208984,112.46116903802795,110.41143740175444,110.89843148039117,210082000,111.36119079589844
2020-08-14,111.36119079589844,111.45083484959588,109.55616888260863,111.28608321610146,165565200,111.07044982910156
2020-08-17,111.07044982910156,112.50477691266525,110.44535925101356,112.48054699080019,119561600,111.9959945678711
2020-08-18,111.9959945678711,112.41999238397445,110.4889848914492,110.82333863803461,105633600,112.1364974975586
2020-08-19,112.1364974975586,113.54659462972901,112.0420104163777,112.40301184462525,145538000,114.62478637695312
2020-08-20,114.62478637695312,114.73866037573767,112.16075001769396,112.17771170545525,126907200,120.53169250488281
2020-08-21,120.53169250488281,121.01383628095505,115.56970341549895,115.58181468260125,338054800,121.97325897216797
2020-08-24,121.97325897216797,124.81041520723647,120.11251616944286,124.72560677695705,345937600,120.97264862060547
2020-08-25,120.97264862060547,121.31669586600833,119.25485239253774,120.84908855273831,211495600,122.61773681640625
2020-08-26,122.61773681640625,123.07323276693351,121.22217601375844,122.28580830184438,163022400,121.15189361572266
2020-08-27,121.15189361572266,123.5505077002903,120.01072876649499,123.21857925485543,155552400,120.95567321777344
2020-08-28,120.95567321777344,122.54020825717129,120.73276826199735,122.12347869162592,187630000,125.05755615234375
2020-08-31,125.05755615234375,126.95707306517328,122.11138325352543,123.64262300855076,225702700,130.0389404296875
2020-09-01,130.0389404296875,130.63981609482647,126.50159235410271,128.66276613112478,151948100,127.3447265625
2020-09-02,127.3447265625,133.72165634087213,123.0805253018372,133.343693114531,200119000,117.14936828613281
2020-09-03,117.14936828613281,124.86370387094604,116.78109860380435,122.99327511596653,257599600,117.22689819335938
2020-09-04,117.22689819335938,119.88233348649146,107.46768160963626,116.36436621062012,332607200,109.33812713623047
2020-09-08,109.33812713623047,115.3177056334054,109.20244843470786,110.4332501967872,231366600,113.69922637939453
2020-09-09,113.69922637939453,115.46305656905125,111.70280522899553,113.64108048769229,176940500,109.9874496459961
2020-09-10,109.9874496459961,116.78110786689479,109.02800526992252,116.64542916296256,182274400,108.54341888427734
2020-09-11,108.54341888427734,111.67373680721721,106.6051435470581,111.03410239684672,180860300,111.79972839355469
2020-09-14,111.79972839355469,112.3521366002866,109.31873818703018,111.17948084192356,140150100,111.97418975830078
2020-09-15,111.97418975830078,115.16265421996873,110.10375338394648,114.67808528768974,184642000,108.66942596435547
2020-09-16,108.66942596435547,112.41999215763813,108.5822071057358,111.6737592561301,154679000,106.9346923828125
2020-09-17,106.9346923828125,108.73728980624097,105.35499997150123,106.33383150429421,178011000,103.54268646240234
2020-09-18,103.54268646240234,107.45800434374442,102.81583306003789,106.99282230683487,287104900,106.68269348144531
2020-09-21,106.68269348144531,106.78929923364105,99.91810821399545,101.31366904715068,195713800,108.35929870605469
2020-09-22,108.35929870605469,109.37689638794417,105.79108936459673,109.20245128230411,183055400,103.81404113769531
2020-09-23,103.81404113769531,108.65003656547653,103.47483700123934,108.17516112594639,150718700,104.88009643554688
2020-09-24,104.88009643554688,106.8474450340975,101.75947146104525,101.92422311648544,167743300,108.81480407714844
2020-09-25,108.81480407714844,108.96986969287116,104.34707769075096,105.08362457756284,149981400,111.4120864868164
2020-09-28,111.4120864868164,111.76097670476364,109.29936567544041,111.46054633695047,137672400,110.56893157958984
2020-09-29,110.56893157958984,111.7512809163313,110.06498316084728,111.01474148847176,99382200,112.23584747314453
2020-09-30,112.23584747314453,113.64110173479544,110.11344069592683,110.27819234917513,142675200,113.18561553955078
2020-10-01,113.18561553955078,114.0869140768239,112.25524404848423,114.00938127075119,116120400,109.53195190429688
2020-10-02,109.53195190429688,111.80943167027127,108.75664609356778,109.40596665096126,144712000,112.90457153320312
2020-10-05,112.90457153320312,113.04994370495149,110.04561752920706,110.39450778382883,106243800,109.66764068603516
2020-10-06,109.66764068603516,112.53628778325715,108.78572170928096,112.1292442741749,161498200,111.52837371826172
2020-10-07,111.52837371826172,111.98386964245861,110.60768842209468,111.08257124183804,96849000,111.4217758178711
2020-10-08,111.4217758178711,112.80764318962937,111.05349871590646,112.66227103853464,83477200,113.36005401611328
2020-10-09,113.36005401611328,113.38912696820374,111.37331849200241,111.72220870495784,100506900,120.56074523925781
2020-10-12,120.56074523925781,121.31667154926015,115.59875698215505,116.35468329215739,240226800,117.36257934570312
2020-10-13,117.36257934570312,121.52018115565947,115.95733257416443,121.4038819645373,262330500,117.44982147216797
2020-10-14,117.44982147216797,119.23303161360833,115.9282753037238,117.26568290980406,150712000,116.98462677001953
2020-10-15,116.98462677001953,117.45950223722147,114.50363628707971,115.05604455535725,112559200,115.3467788696289
2020-10-16,115.3467788696289,117.79870373934006,115.14326081684207,117.53703239008934,115393800,112.40059661865234
2020-10-19,112.40059661865234,116.703563090536,112.09047284235501,116.25776062422946,120639300,113.88339233398438
2020-10-20,113.88339233398438,115.30802617540574,112.06140841970505,112.613816705773,124423700,113.26314544677734
2020-10-21,113.26314544677734,115.04635557719843,112.8561019222811,113.06931343655647,89946000,112.17768859863281
2020-10-22,112.17768859863281,114.39701481541562,111.05348531931205,113.825219728469,101988000,111.4896240234375
2020-10-23,111.4896240234375,112.9530243111908,110.75307715494814,112.79795869932553,82572600,111.49929809570312
2020-10-26,111.49929809570312,112.9530046815979,109.39626361538546,110.491393975544,111850700,113.00146484375
2020-10-27,113.00146484375,113.66047883675716,111.00504336225823,111.92572130525396,92276800,107.76812744140625
2020-10-28,107.76812744140625,111.86758385649746,107.67121513386326,111.49931413026005,143937800,111.76097869873047
2020-10-29,111.76097869873047,113.32129125851726,108.73726588721904,108.90202494425338,146129200,105.50035095214844
2020-10-30,105.50035095214844,108.53374987611883,104.39553435267372,107.63245134560678,190272600,105.41311645507812
2020-11-02,105.41311645507812,107.26417322328109,104.00786958662283,105.74262715568275,122866900,107.03158569335938
2020-11-03,107.03158569335938,108.04917599163862,105.37436086993179,106.27565935922766,107624400,111.40238952636719
2020-11-04,111.40238952636719,112.02263714006965,108.88263267145909,110.61739025769825,138235500,115.35648345947266
2020-11-05,115.35648345947266,115.92827866732904,113.26314943296055,114.30981274924889,126387100,115.22541046142578
2020-11-06,115.22541046142578,115.7205180962264,112.74013248938302,114.86620819105919,114457900,112.92459869384766
2020-11-09,112.92459869384766,118.42908863111414,112.66248329970261,116.982584063866,154515300,112.58483123779297
2020-11-10,112.58483123779297,114.15753861862245,110.79853707591374,112.17709283585141,138023400,116.00205993652344
2020-11-11,116.00205993652344,116.13797271482636,113.0410945158488,113.76920185962483,112295000,115.7302474975586
2020-11-12,115.7302474975586,117.011716271587,115.10892975298067,116.12828311248381,103162300,115.77879333496094
2020-11-13,115.77879333496094,116.17682155137521,114.42936813634326,115.95353941713333,81581900,116.7884292602539
2020-11-16,116.7884292602539,117.4582830279043,114.7011865774211,115.44870691157024,91183000,115.90497589111328
2020-11-17,115.90497589111328,117.14761119066519,115.48752740079281,116.06030900690259,74271000,114.58470153808594
2020-11-18,114.58470153808594,116.3224523029752,114.55557842355752,115.14777310794351,76322100,115.17688751220703
2020-11-19,115.17688751220703,115.58462589815453,113.40030359340344,114.15753414064645,74113000,113.91481018066406
2020-11-20,113.91481018066406,115.30306839104708,113.8662741381708,115.17686579253606,73604300,110.52669525146484
2020-11-23,110.52669525146484,114.1866523784184,110.42961575192224,113.75949369240169,127959300,111.80815124511719
2020-11-24,111.80815124511719,112.46830213663921,109.30346044434035,110.58493635731566,113874200,112.64306640625
2020-11-25,112.64306640625,113.34205068763839,111.80816933755735,112.17708182311867,76499200,113.18671417236328
2020-11-27,113.18671417236328,114.06044449798334,112.82751927666311,113.1673012347678,46691300,115.57489776611328
2020-11-30,115.57489776611328,117.43885061280498,113.40027870494941,113.5556118121855,169410200,119.13776397705078
2020-12-01,119.13776397705078,119.86587123009825,116.5068706581754,117.47768032890535,127728200,119.4872817993164
2020-12-02,119.4872817993164,119.76881755329892,117.36120579212971,118.45821829004096,89004200,119.35137176513672
2020-12-03,119.35137176513672,120.16684852789926,118.64267727747634,119.91443587941438,78967600,118.68148803710938
2020-12-04,118.68148803710938,119.27368255768253,117.9727936839563,119.02126995710454,78260400,120.13768768310547
2020-12-07,120.13768768310547,120.93375125673806,118.68147328694661,118.73971949265236,86712000,120.74933624267578
2020-12-08,120.74933624267578,121.33182812514022,119.49699054608435,120.73963347620881,82225500,118.2252197265625
2020-12-09,118.2252197265625,122.27349493369557,117.46798924542293,120.89494675486756,115089200,119.6426010131836
2020-12-10,119.6426010131836,120.25421594451468,116.64280220277539,116.98258416090866,81312200,118.8368148803711
2020-12-11,118.8368148803711,119.1765967824479,117.03110830740295,118.8562278147655,86939800,118.2252197265625
2020-12-14,118.2252197265625,119.74939086099992,117.99222744160214,119.021283489644,79184500,124.14716339111328
2020-12-15,124.14716339111328,124.16658373624205,120.50662638207584,120.71049556577894,157243700,124.07919311523438
2020-12-16,124.07919311523438,124.62284421095526,122.86568091464977,123.69087513639985,98208600,124.94322967529297
2020-12-17,124.94322967529297,125.79754711737371,124.30249159373241,125.13738869029768,94359800,122.96278381347656
2020-12-18,122.96278381347656,125.33156230733624,122.43854558581786,125.19564951572379,192541500,124.48694610595703
2020-12-21,124.48694610595703,124.56461267355205,119.84647608918172,121.37064729644923,121251600,128.03038024902344
2020-12-22,128.03038024902344,130.48652745671254,125.86546408305279,127.7682574980973,168904800,127.13726043701172
2020-12-23,127.13726043701172,128.5643372428869,126.9625069666015,128.30222925734495,88223700,128.11778259277344
2020-12-24,128.11778259277344,129.56429466422506,127.27318272727676,127.48676208852152,54930100,132.7000274658203
2020-12-28,132.7000274658203,133.33104806992824,129.6128438187215,130.0788433061159,124486200,130.93313598632812
2020-12-29,130.93313598632812,134.73870929323533,130.41860788701317,134.0203193956025,121047300,129.8166961669922
2020-12-30,129.8166961669922,132.02043870547348,129.50602990016534,131.6224031061202,96452100,128.81678771972656
2020-12-31,128.81678771972656,130.80695128204687,127.87510078750749,130.16621309475406,99116600,125.63248443603516
2021-01-04,125.63248443603516,129.70988213559124,123.05983729876496,129.62251281946894,143301900,127.1857681274414
2021-01-05,127.1857681274414,127.89446984433803,124.6810774289331,125.12765639008194,97664900,122.904541015625
2021-01-06,122.904541015625,127.22464983650838,122.69096163664166,123.99185085104371,155088000,127.0984115600586
2021-01-07,127.0984115600586,127.78769300515185,124.12773607491964,124.61314095323335,109578200,128.19544982910156
2021-01-08,128.19544982910156,128.75852134682515,126.42856870658443,128.56434751676753,105158200,125.21502685546875
2021-01-11,125.21502685546875,126.37029273075628,124.74904236248368,125.41890340367594,100384500,125.04029083251953
2021-01-12,125.04029083251953,125.90431086268742,123.15691766682359,124.74904496331433,91951100,127.06930541992188
2021-01-13,127.06930541992188,127.61295658608566,124.73936761825328,125.00147562190729,88636800,125.1470947265625
2021-01-14,125.1470947265625,127.17608365097323,125.00146436870398,126.98192465387714,90221800,123.42877197265625
2021-01-15,123.42877197265625,126.41886828778621,123.29285917712234,125.02089964036091,111598500,124.09860229492188
2021-01-19,124.09860229492188,124.95291954756551,123.23458227836366,124.05005884858895,90757300,128.1759796142578
2021-01-20,128.1759796142578,128.62255851090404,124.79756663573178,124.90435627536169,104319500,132.87469482421875
2021-01-21,132.87469482421875,135.59296445439338,129.69044077021863,129.89431728816726,120150900,135.0105438232422
2021-01-22,135.0105438232422,135.7677743821565,131.07876065141238,132.30197582810843,114459400,138.7481689453125
2021-01-25,138.7481689453125,140.85482495156248,132.55439615848402,138.89379933914037,157611700,138.98114013671875
2021-01-26,138.98114013671875,140.08786276088446,137.2433822290361,139.40829883611298,98390600,137.91322326660156
2021-01-27,137.91322326660156,140.08784232197448,136.31139319096383,139.24322781199024,140843800,133.08831787109375
2021-01-28,133.08831787109375,137.8452949915903,132.7097026247184,135.44739349341899,142621100,128.10801696777344
2021-01-29,128.10801696777344,132.7484847880873,126.40910049090694,131.86504466490643,177523800,130.22442626953125
2021-02-01,130.22442626953125,131.42823575703017,127.1081202867018,129.84581103922318,106239800,131.04962158203125
2021-02-02,131.04962158203125,132.33108282824628,130.68070911395654,131.76801136085197,83305400,130.03028869628906
2021-02-03,130.03028869628906,131.806872704572,129.70991963118382,131.79715512438477,89880900,133.37957763671875
2021-02-04,133.37957763671875,133.38928040334213,130.66130683037125,132.32139835278772,84183100,132.96632385253906
2021-02-05,132.96632385253906,133.60801926205087,132.09129544721642,133.53996875011137,75693800,133.11219787597656
2021-02-08,133.11219787597656,133.1608138714623,131.1773940055882,132.25660382908822,71297200,132.23715209960938
2021-02-09,132.23715209960938,134.05528941674183,132.0816016865625,132.83023162868662,76774200,131.63433837890625
2021-02-10,131.63433837890625,133.1899609934861,130.67179521713933,132.69409868188646,73046600,131.3815460205078
2021-02-11,131.3815460205078,132.6065887223786,130.0592713492993,132.13017580944882,64280000,131.61488342285156
2021-02-12,131.61488342285156,131.7704486448014,129.98149309892653,130.62318851283254,60145100,129.495361328125
2021-02-16,129.495361328125,132.2371278628611,129.10644827799214,131.73156315096224,80576300,127.2105712890625
2021-02-17,127.2105712890625,128.55229564276027,125.87857903593999,127.6092016891494,97918500,126.1119155883789
2021-02-18,126.1119155883789,126.39386460486962,123.8757134782661,125.61605324019762,96856700,126.26746368408203
2021-02-19,126.26746368408203,127.08417376158879,125.22715268582576,126.62721014953155,87668800,122.50482177734375
2021-02-22,122.50482177734375,126.1216319880877,122.11591609767342,124.45906002205308,103916400,122.36869812011719
2021-02-23,122.36869812011719,123.19511800076138,115.10591153263685,120.32695270389084,158273000,121.87285614013672
2021-02-24,121.87285614013672,122.07702996162088,118.83940802921852,121.47423317945595,111039900,117.6337890625
2021-02-25,117.6337890625,122.95205487892161,117.19627482972935,121.22143247515002,148199500,117.89630889892578
2021-02-26,117.89630889892578,121.38672049171518,117.83796822554648,119.18940971098537,164560400,124.24518585205078
2021-03-01,124.24518585205078,124.38130174579385,119.38388273905605,120.31725204661986,116307900,121.64924621582031
2021-03-02,121.64924621582031,125.1493828138184,121.54229695879663,124.84798440825688,102260900,118.67410278320312
2021-03-03,118.67410278320312,122.2228547486705,118.46020430704087,121.34781889971498,112966300,116.79763793945312
2021-03-04,116.79763793945312,120.17138267841435,115.32953009185248,118.37270244109511,178155000,118.05187225341797
2021-03-05,118.05187225341797,118.55745188502343,114.30867068121566,117.62408266255089,153766600,113.13224029541016
2021-03-08,113.13224029541016,117.6435287378886,112.98639972664601,117.57547079483327,154376600,117.73101806640625
2021-03-09,117.73101806640625,118.6741119196786,115.49482341109125,115.72816384952438,129525800,116.65181732177734
2021-03-10,116.65181732177734,118.7810627593394,116.13651302909358,118.31438187621302,111943300,118.57689666748047
2021-03-11,118.57689666748047,119.79222236399583,117.89631724453561,119.14080957092585,103026500,117.67269134521484
2021-03-12,117.67269134521484,117.80880722667213,115.8545688924242,117.06016987865702,88105100,120.55057525634766
2021-03-15,120.55057525634766,120.56029993815383,117.07960562741921,118.04214884674406,92403800,122.08675384521484
2021-03-16,122.08675384521484,123.69098519524891,121.26033388239702,122.21314504308985,115227900,121.29923248291016
2021-03-17,121.29923248291016,122.368717641283,118.94635623317845,120.60892835870807,111932600,117.18656921386719
2021-03-18,117.18656921386719,119.76306129363483,116.98239537750578,119.47138014582727,121229700,116.66153717041016
2021-03-19,116.66153717041016,118.0615946863235,116.36013878430732,116.5740372845451,185549500,119.96723937988281
2021-03-22,119.96723937988281,120.43392774935558,116.92406625712914,116.99212420499393,111912300,119.14079284667969
2021-03-23,119.14079284667969,120.79363259482143,118.75188719483505,119.90887946918929,95467100,116.7587661743164
2021-03-24,116.7587661743164,119.49082337056949,116.73932422708299,119.41304074611715,88530500,117.24490356445312
2021-03-25,117.24490356445312,118.28522953966727,115.69901275290125,116.22403437317163,98844700,117.8476791381836
2021-03-26,117.8476791381836,118.11019359332141,115.62120198978319,117.01153462244342,94071200,118.022705078125
2021-03-29,118.022705078125,119.17969748186921,117.381016985914,118.275494892758,80819200,116.57403564453125
2021-03-30,116.57403564453125,117.06016589541106,115.56288383257017,116.7782094597697,85671900,118.76163482666016
2021-03-31,118.76163482666016,120.09362711310527,117.78937421803873,118.27550452234945,118323800,119.5880355834961
2021-04-01,119.5880355834961,120.73530321344647,119.09218067605553,120.22973104227312,75089100,122.40760040283203
2021-04-05,122.40760040283203,122.6603902138714,119.65610136330406,120.433912742921,88651200,122.70899963378906
2021-04-06,122.70899963378906,123.60347753407522,122.16453611496429,122.99095607539735,80171300,124.35212707519531
2021-04-07,124.35212707519531,124.37156902257611,121.66868585332091,122.33954801322936,83466700,126.74388885498047
2021-04-08,126.74388885498047,126.77305548532095,124.9549329616751,125.37299788690146,88844600,129.3106689453125
2021-04-09,129.3106689453125,129.34955284443396,125.87858997142516,126.199437772379,106686700,127.5994644165039
2021-04-12,127.5994644165039,129.16480430519968,127.00638495965602,128.84395658242786,91420000,130.7009735107422
2021-04-13,130.7009735107422,130.9246041100814,128.27032223067465,128.76618458654,91266500,128.3675079345703
2021-04-14,128.3675079345703,131.25512180103408,128.00777642218338,131.19678856502676,87222800,130.76904296875
2021-04-15,130.76904296875,131.2551732400093,129.93289830876327,130.10791292088626,89347100,130.4384765625
2021-04-16,130.4384765625,130.9343240931431,129.58288254678484,130.57459244358938,84922400,131.09957885742188
2021-04-19,131.09957885742188,131.71210761044756,129.64118836775324,129.80647084298718,94264200,129.41761779785156
2021-04-20,129.41761779785156,131.77048682845773,128.15367596540483,131.27463922976452,94812300,129.79678344726562
2021-04-21,129.79678344726562,130.03984858480732,127.65781320400242,128.68840701349623,68847100,128.28005981445312
2021-04-22,128.28005981445312,130.42874732999832,127.7647629078915,129.3495375220918,84566500,130.5940399169922
2021-04-23,130.5940399169922,131.37183646308597,128.49395363729542,128.49395363729542,78657500,130.98294067382812
2021-04-26,130.98294067382812,131.3135056957382,129.85511489088012,131.08988992627178,66905100,130.66212463378906
2021-04-27,130.66212463378906,131.65383477576822,130.38989280430803,131.26492156542244,66015800,129.87457275390625
2021-04-28,129.87457275390625,131.2746303918658,129.38844245381026,130.58431883810096,107760100,129.77734375
2021-04-29,129.77734375,133.2677706601101,128.775916495569,132.68440835234537,151101000,127.81340026855469
2021-04-30,127.81340026855469,129.85513887109062,127.43421918268936,128.12451598324157,109839500,128.86338806152344
2021-05-03,128.86338806152344,130.35096013574108,128.17309147912826,128.3772578570978,75135100,124.30349731445312
2021-05-04,124.30349731445312,127.84253218435018,123.18539631101322,127.55085108162373,137564700,124.54657745361328
2021-05-05,124.54657745361328,126.83138075425876,124.4201788397563,125.6160551149203,84000900,126.14108276367188
2021-05-06,126.14108276367188,126.15080002789722,123.60347484441658,124.34239490228468,78128300,126.81310272216797
2021-05-07,126.81310272216797,127.83569855183693,126.10213618024181,127.43640587981206,78973300,123.54073333740234
2021-05-10,123.54073333740234,126.16055151436144,123.50177596650869,126.03395306208488,88071200,122.6252670288086
2021-05-11,122.6252670288086,122.97586852300613,119.56717642454035,120.2781354744355,126142800,119.56715393066406
2021-05-12,119.56715393066406,121.38837175558095,119.06072304066647,120.18072314838845,112172300,121.70977783203125
2021-05-13,121.70977783203125,122.85899423262195,121.01830123774441,121.32995276517451,105861300,124.12507629394531
2021-05-14,124.12507629394531,124.55359993393608,122.56681864446786,122.95638491442686,81918000,122.9758529663086
2021-05-17,122.9758529663086,123.61863839013512,121.90455135695586,123.51150748616402,74244600,121.59292602539062
2021-05-18,121.59292602539062,123.67709735626846,121.52475247458096,123.25831484976348,63342900,121.43709564208984
2021-05-19,121.43709564208984,121.66109125212728,119.65483481097455,119.94701139751646,92612000,123.98873901367188
2021-05-20,123.98873901367188,124.38804651528841,121.83639430422342,121.96300762442338,76857100,122.15778350830078
2021-05-21,122.15778350830078,124.66073707262268,121.94352167759979,124.48543261389995,79295400,123.7842025756836
2021-05-24,123.7842025756836,124.60229244585756,122.65446862112498,122.72264215777629,63092900,123.58942413330078
2021-05-25,123.58942413330078,124.97238470676444,123.02455343641832,124.4854213164092,72009500,123.54073333740234
2021-05-26,123.54073333740234,124.06664669892854,123.12195088824402,123.64786424977021,56575900,122.01168060302734
2021-05-27,122.01168060302734,124.3101132618625,121.81690119683103,123.14142196396851,94625600,121.35919189453125
2021-05-28,121.35919189453125,122.51814971440294,121.30075954407047,122.2941466537034,71311100,121.03777313232422
2021-06-01,121.03777313232422,122.07985859728936,120.70664664362424,121.81690564628397,67637100,121.79742431640625
2021-06-02,121.79742431640625,121.97272876206887,120.81377861108228,121.03777419532105,59278900,120.31707000732422
2021-06-03,120.31707000732422,121.59289214427336,119.91776258501811,121.42732891420592,76229200,122.60576629638672
2021-06-04,122.60576629638672,122.86872666566839,120.61898516439692,120.83324696740925,75169300,122.6155014038086
2021-06-07,122.6155014038086,123.02454259085992,121.57341603849724,122.87845432966799,71057600,123.43359375
2021-06-08,123.43359375,125.10873085926178,122.91742162506401,123.2972466766342,74403800,123.81343841552734
2021-06-09,123.81343841552734,124.41726657205889,123.21935146016743,123.89135316418162,56877900,122.82003021240234
2021-06-10,122.82003021240234,124.84576874618693,122.654466972811,123.70628617695928,71186400,124.0276870727539
2021-06-11,124.0276870727539,124.1153430132604,122.81029711830921,123.22907955985254,53522400,127.07603454589844
2021-06-14,127.07603454589844,127.134466888619,123.75499846493855,124.48543247038134,96906500,126.25798034667969
2021-06-15,126.25798034667969,127.1929426220791,126.01450229025207,126.55015698653708,62746300,126.754638671875
2021-06-16,126.754638671875,127.47533888931655,125.10873990323489,126.96890049704093,91815000,128.35189819335938
2021-06-17,128.35189819335938,129.09208106787906,126.26772642170098,126.4138221862248,96721700,127.05655670166016
2021-06-18,127.05655670166016,128.0791523377771,126.842294888582,127.30003468372927,108953300,128.84854125976562
2021-06-21,128.84854125976562,128.95567215813708,125.83915719739741,126.90071755171388,79663300,130.48468017578125
2021-06-22,130.48468017578125,130.5820772861633,128.18624806146317,128.68295251941402,74783600,130.21205139160156
2021-06-23,130.21205139160156,130.81588702946803,129.75431149256474,130.2802323751994,60214200,129.92962646484375
2021-06-24,129.92962646484375,131.12753427569476,129.4621379224508,130.9424885852543,68711000,129.63742065429688
2021-06-25,129.63742065429688,130.39707078875628,129.3452440962624,129.97829578212327,70783700,131.26385498046875
2021-06-28,131.26385498046875,131.72159479819973,129.87116798746578,129.9296003283306,62111300,132.77340698242188
2021-06-29,132.77340698242188,132.9292364481491,130.84506564137368,131.28332301060522,64556100,133.386962890625
2021-06-30,133.386962890625,133.8252202160753,132.32538776453424,132.61756426840589,63261400,133.6888885498047
2021-07-01,133.6888885498047,133.74732088516166,132.21827209331306,133.03636937045857,52485800,136.30870056152344
2021-07-02,136.30870056152344,136.34765049437885,134.15634896857634,134.30242979267734,78852600,138.3149871826172
2021-07-06,138.3149871826172,139.41549764354806,136.4158617440288,136.4158617440288,108181800,140.7984619140625
2021-07-07,140.7984619140625,141.11010601971827,138.93828646790567,139.7953189039971,104911600,139.50314331054688
2021-07-08,139.50314331054688,140.3017433261173,137.00018264096806,137.88644602005195,105575500,141.3243865966797
2021-07-09,141.3243865966797,141.85029259632174,138.92855627210733,139.02595342720224,99890800,140.7303009033203
2021-07-12,140.7303009033203,142.50282808936566,140.2433448448313,142.3956971620693,76299700,141.84054565429688
2021-07-13,141.84054565429688,143.61307265954179,139.882987848704,140.2725467114718,100827100,145.2589874267578
2021-07-14,145.2589874267578,145.6680435964864,143.8273354148668,144.23639158459537,127050800,144.60641479492188
2021-07-15,144.60641479492188,146.0867648396301,143.25267803516988,145.3465972476331,106820300,142.5709686279297
2021-07-16,142.5709686279297,145.85304711779946,142.0742788872529,144.58697348148013,93251400,138.73374938964844
2021-07-19,138.73374938964844,140.31149679803218,137.97409928442224,139.99983785193092,121434600,142.33721923828125
2021-07-20,142.33721923828125,143.26244743833868,139.23045273850917,139.717408691922,96350000,141.60675048828125
2021-07-21,141.60675048828125,142.31771670515928,140.85684920413556,141.7333637604647,74993500,142.9702911376953
2021-07-22,142.9702911376953,144.33376205602218,142.00611286355945,142.13272618480354,77338200,144.6843719482422
2021-07-23,144.6843719482422,144.8402014430063,143.0871567787064,143.700726126391,71447400,145.10317993164062
2021-07-26,145.10317993164062,145.9212625899734,143.8468249071035,144.40196197857813,72434100,142.94102478027344
2021-07-27,142.94102478027344,145.3173717128082,141.75285131400605,145.22970836541458,104818600,141.19778442382812
2021-07-28,141.19778442382812,143.135875021886,138.82143631465343,141.03222113566045,118931200,141.84054565429688
2021-07-29,141.84054565429688,142.72680915691933,140.80820129331602,140.91533220968486,56699500,142.05477905273438
2021-07-30,142.05477905273438,142.51251879825827,140.35043336301797,140.61339371614585,70440600,141.72364807128906
2021-08-02,141.72364807128906,143.1163348001012,141.46068772656318,142.54173040964227,62880000,143.5156707763672
2021-08-03,143.5156707763672,144.17792379335657,141.3925349204239,142.00610422671278,64786600,143.11634826660156
2021-08-04,143.11634826660156,143.93443068193204,142.46382908813206,143.4280072023747,56368300,143.22349548339844
2021-08-05,143.22349548339844,143.98314564998552,142.35671440302508,143.14558074057953,46397700,142.5406951904297
2021-08-06,142.5406951904297,143.48680610401973,142.04326141561577,142.74552961710486,54126800,142.49195861816406
2021-08-09,142.49195861816406,143.08693557693016,141.93600483737242,142.59925003312128,48908700,142.0140380859375
2021-08-10,142.0140380859375,144.0720717018618,141.72142377939727,142.83334623786462,69023100,142.26763916015625
2021-08-11,142.26763916015625,143.10645895995768,141.94576488875748,142.45296206335397,48493500,145.22300720214844
2021-08-12,145.22300720214844,145.37907015513477,142.24812227389452,142.58950812317931,72282600,145.4278564453125
2021-08-13,145.4278564453125,145.75947909182239,144.61829653790267,145.30105342277125,59375000,147.39810180664062
2021-08-16,147.39810180664062,147.4663849394875,142.86263134674047,144.88164213986906,103296000,146.49099731445312
2021-08-17,146.49099731445312,147.94429082183916,145.4180830822368,146.53000561245062,92229700,142.7553253173828
2021-08-18,142.7553253173828,147.00794422226895,142.55049082276733,146.1106045300614,86326000,143.08694458007812
2021-08-19,143.08694458007812,144.35493005036025,140.94113102889904,141.45807654722455,86960300,144.54025268554688
2021-08-20,144.54025268554688,144.84261535990314,143.16497579607238,143.80872432514332,60549600,146.02284240722656
2021-08-23,146.02284240722656,146.49101645929602,144.24765951519495,144.65731367112883,60131800,145.9350128173828
2021-08-24,145.9350128173828,147.1444782861979,145.47658722985506,145.76920152361467,48606400,144.70608520507812
2021-08-25,144.70608520507812,146.61781948232644,144.15987966385998,146.120370599229,58991300,143.90625
2021-08-26,143.90625,145.44733817166107,143.87699005673284,144.6963131171606,48597200,144.940185546875
2021-08-27,144.940185546875,145.0864852931361,143.213774126067,143.84775953717897,55802400,149.34878540039062
2021-08-30,149.34878540039062,149.7096827488744,144.94986805949804,145.3302621099701,90956700,148.09059143066406
2021-08-31,148.09059143066406,149.03670255975587,147.56388271808643,148.90015120519527,86453100,148.75384521484375
2021-09-01,148.75384521484375,151.1630130890743,148.58803390921838,149.06597111930256,80313700,149.8657684326172
2021-09-02,149.8657684326172,150.90942268736845,148.64655451799135,150.08035127222993,71115500,150.49972534179688
2021-09-03,150.49972534179688,150.8215995087038,149.31952006313816,149.9730167475935,57808700,152.83091735839844
2021-09-07,152.83091735839844,153.3868712092461,150.58756059759483,151.1532776856572,82278300,151.28981018066406
2021-09-08,151.28981018066406,153.17226923823645,150.18763608775444,153.11374935418493,74420200,150.27542114257812
2021-09-09,150.27542114257812,152.26517148741016,150.15836649901337,151.66044621375175,57305700,145.30104064941406
2021-09-10,145.30104064941406,151.65070144497142,145.03768627305047,151.1825274626448,140893200,145.86676025390625
2021-09-13,145.86676025390625,147.6906995642944,145.08646034770857,146.92016289482572,102404300,144.47201538085938
2021-09-14,144.47201538085938,147.34937308405637,143.29182425291307,146.64710444470512,109296300,145.35951232910156
2021-09-15,145.35951232910156,145.75941793780808,142.76502237214694,144.90108685238485,83281300,145.12547302246094
2021-09-16,145.12547302246094,145.30104757606733,143.59414799108714,144.78410203525485,68034100,142.4626922607422
2021-09-17,142.4626922607422,145.15472586644688,142.17007797103764,145.15472586644688,129868800,139.4195556640625
2021-09-20,139.4195556640625,141.27275491051466,137.79068761664803,140.2583754550107,123478900,139.8975067138672
2021-09-21,139.8975067138672,141.0387042995896,139.26352128445325,140.38519239279663,75834000,142.25787353515625
2021-09-22,142.25787353515625,142.82357564689215,140.16081684875996,140.89234513594866,76404300,143.2137451171875
2021-09-23,143.2137451171875,143.457587900221,142.0530510886709,143.03817057425258,64838200,143.30152893066406
2021-09-24,143.30152893066406,143.83798604484667,141.97502355876833,142.07256662788618,53477900,141.78968811035156
2021-09-27,141.78968811035156,142.3651683544505,140.2778748536838,141.88723117083788,74150700,138.41493225097656
2021-09-28,138.41493225097656,141.18498292082313,138.20034939372246,139.72192610299075,108972300,139.312255859375
2021-09-29,139.312255859375,140.89235227723765,138.53195600356045,138.96112166840754,74602000,138.01499938964844
2021-09-30,138.01499938964844,140.8240726910163,137.80041657451724,140.12180436567434,89056700,139.13670349121094
2021-10-01,139.13670349121094,139.40005789714257,135.68389579904266,138.40517505038864,94639600,135.71315002441406
2021-10-04,135.71315002441406,138.70754679310303,134.8645818313905,138.26861784072736,98322000,137.63462829589844
2021-10-05,137.63462829589844,138.73680249578317,135.92772872481194,136.0545317412187,80861100,138.50270080566406
2021-10-06,138.50270080566406,138.64900052233625,134.96209883237336,136.035013031244,83221100,139.76095581054688
2021-10-07,139.76095581054688,140.66805891569803,139.20500187376496,139.5366245646865,61732700,139.3805694580078
2021-10-08,139.3805694580078,140.62904368042933,139.04894674833042,140.482743921156,58773200,139.29275512695312
2021-10-11,139.29275512695312,141.2434974770439,138.31738395190774,138.76606124094116,64452200,138.02474975585938
2021-10-12,138.02474975585938,139.72190071402855,137.56632417893402,139.70238912610083,73035900,137.4395294189453
2021-10-13,137.4395294189453,137.91745167770748,135.7716384818284,137.7614036307742,78762700,140.2193603515625
2021-10-14,140.2193603515625,140.33641501765865,138.02477512030043,138.61000380183043,69907100,141.27273559570312
2021-10-15,141.27273559570312,141.33125547588753,139.97549034735292,140.22909633879294,67940300,142.94061279296875
2021-10-18,142.94061279296875,143.22346381420707,139.63410593501254,139.91695695625089,85589200,145.09619140625
2021-10-19,145.09619140625,145.4960971069184,142.94062972963636,143.38929207620686,76378900,145.58389282226562
2021-10-20,145.58389282226562,146.0618300447265,144.47197030405582,145.03768735830047,58418800,145.79849243164062
2021-10-21,145.79849243164062,145.95455540585698,144.22814410067642,145.14499547046705,61421000,145.02789306640625
2021-10-22,145.02789306640625,146.48118609776577,144.9791215476474,146.00326390967163,58883400,144.9791717529297
2021-10-25,144.9791717529297,145.69118854784608,143.98428898104416,145.0181800516583,50720600,145.64244079589844
2021-10-26,145.64244079589844,147.1249943659197,145.34006320959406,145.65218915043056,60893400,145.1839599609375
2021-10-27,145.1839599609375,146.04227620616098,144.83282585239843,145.68139374679356,56094900,148.81236267089844
2021-10-28,148.81236267089844,149.39757634919977,146.0325493292803,146.1300923838208,100077900,146.110595703125
2021-10-29,146.110595703125,146.2471470636249,142.804088225394,143.59413644564216,124953200,145.29129028320312
2021-11-01,145.29129028320312,146.01305539533712,144.15985619885288,145.3205502265068,74588300,146.3251953125
2021-11-02,146.3251953125,147.8370236875447,144.98892661408803,144.99868985144568,69122000,147.75901794433594
2021-11-03,147.75901794433594,148.2271920465664,146.1301495011083,146.68610345694702,54511500,147.2420196533203
2021-11-04,147.2420196533203,148.67580139860405,146.92989377476803,147.84674493928904,60394600,147.76951599121094
2021-11-05,147.76951599121094,148.6681654176707,146.57782514412813,148.36536141475236,65463900,146.94898986816406
2021-11-08,146.94898986816406,148.0527725947036,146.67548855791236,147.8964818732159,55020900,147.31039428710938
2021-11-09,147.31039428710938,147.91600218212633,146.57779832196186,146.71454897260128,56787900,144.48745727539062
2021-11-10,144.48745727539062,146.64617992683026,144.4190894029692,146.5387319232798,65187100,144.43861389160156
2021-11-11,144.43861389160156,145.96241109507744,144.25302053135974,145.50333134171993,41000000,146.50941467285156
2021-11-12,146.50941467285156,146.90988909643477,144.05765090115398,144.98560270947831,63804000,146.51918029785156
2021-11-15,146.51918029785156,148.35555879375588,145.96240025846288,146.88058950641502,59222800,147.49600219726562
2021-11-16,147.49600219726562,147.97463697406297,145.87451939068316,146.4606021824879,59256200,149.92825317382812
2021-11-17,149.92825317382812,151.40320809343083,147.48626594651472,147.4960285297294,88807000,154.20657348632812
2021-11-18,154.20657348632812,154.98801222203343,149.49843081431837,150.14311888912806,137827700,156.82437133789062
2021-11-19,156.82437133789062,157.28346597858675,152.89765298958213,153.9916581394781,117305600,157.28346252441406
2021-11-22,157.28346252441406,161.85485386154411,157.26392246010866,157.92813559947206,117467900,157.66439819335938
2021-11-23,157.66439819335938,158.04534743857107,155.36892523842945,157.38111945184002,96041900,158.18209838867188
2021-11-24,158.18209838867188,158.3774543011539,155.93546813337693,157.01971058805793,69463600,153.17117309570312
2021-11-26,153.17117309570312,156.72670517440085,152.7316184657377,155.8671359816053,76959800,156.52157592773438
2021-11-29,156.52157592773438,157.44952783966656,155.10521179906075,155.67175446958956,88748200,161.46412658691406
2021-11-30,161.46412658691406,161.67902255964896,156.20896764318036,156.277350409369,174048100,160.94647216796875
2021-12-01,160.94647216796875,166.34814584365344,160.71203606659066,163.5935775451036,152052500,159.9598846435547
2021-12-02,159.9598846435547,160.38967666927002,154.13819694441963,155.0563862894109,136739200,158.08445739746094
2021-12-03,158.08445739746094,161.13206712633752,156.0136573148525,160.2138776845153,118023100,161.4837188720703
2021-12-06,161.4837188720703,163.98431110380426,160.46784396248754,160.47760654451426,107497000,167.2077178955078
2021-12-07,167.2077178955078,167.5984447377344,164.43362438687151,165.15645786646198,120405400,171.0172119140625
2021-12-08,171.0172119140625,171.87679598965886,166.7388465074218,168.13567063026588,116998900,170.50924682617188
2021-12-09,170.50924682617188,172.64842918211983,169.88409893762693,170.85113086564078,108923700,175.28578186035156
2021-12-10,175.28578186035156,175.46161263264923,170.63624509261138,171.14418244016858,115402700,171.6619110107422
2021-12-13,171.6619110107422,177.90362873179458,171.45677755961725,176.91705651666257,153237000,170.28463745117188
2021-12-14,170.28463745117188,173.61551126067369,168.21383726682737,171.18328686899508,139380400,175.1392822265625
2021-12-15,175.1392822265625,175.33463817394934,168.31148231582245,171.0465102933484,131063300,168.2626190185547
2021-12-16,168.2626190185547,176.93655914468357,166.78766465581225,175.11972073731067,150185800,167.16864013671875
2021-12-17,167.16864013671875,169.44457351876034,165.75229083845704,165.98671202152144,195432700,165.81089782714844
2021-12-20,165.81089782714844,166.62163920449956,163.5740445559153,164.375008447403,107499100,168.97567749023438
2021-12-21,168.97567749023438,169.18079597836802,165.1954728286378,167.57885367447943,91185900,171.564208984375
2021-12-22,171.564208984375,171.77910499631244,168.15519034473417,169.02453697313442,92135300,172.18936157226562
2021-12-23,172.18936157226562,172.74614168304623,171.2028043307869,171.76934702247985,68356600,176.14537048339844
2021-12-27,176.14537048339844,176.23327841950962,172.96102548062714,172.9805506410723,74919600,175.1295166015625
2021-12-28,175.1295166015625,177.12218615208815,174.38715798933583,175.9793381325386,79144300,175.2174072265625
2021-12-29,175.2174072265625,176.43840038673264,174.0061766459811,175.16856451921535,62348900,174.0648193359375
2021-12-30,174.0648193359375,176.379833000267,173.95737131856603,175.30535282655248,59773000,173.4494171142578
2021-12-31,173.4494171142578,175.07088475573076,173.14659828081136,173.95733955389892,64062300,177.78639221191406
2022-01-03,177.78639221191406,178.6362137085352,173.58618706197944,173.70339765267045,104487900,175.53004455566406
2022-01-04,175.53004455566406,178.6948654695981,174.9635017121674,178.39206142843958,99310400,170.8609161376953
2022-01-05,170.8609161376953,175.9890879826122,170.587414831676,175.4420853705736,94537600,168.0086669921875
2022-01-06,168.0086669921875,171.23209207239668,167.65702034880644,168.6924202141222,96904000,168.1747283935547
2022-01-07,168.1747283935547,170.09901499255682,167.06118311991872,168.8780217142409,86709100,168.19427490234375
2022-01-10,168.19427490234375,168.4970788622131,164.2675561955421,165.1564429133354,106765600,171.0172119140625
2022-01-11,171.0172119140625,171.1148824378415,166.85607200254188,168.32126400156088,76138300,171.4567413330078
2022-01-12,171.4567413330078,173.06844633316717,170.76322556870227,172.03304652412405,74805200,168.19427490234375
2022-01-13,168.19427490234375,172.52146809219963,167.80354809549323,171.70096415486904,84505800,169.05384826660156
2022-01-14,169.05384826660156,169.7473640846977,167.1197842307582,167.36398288031089,80440800,165.85971069335938
2022-01-18,165.85971069335938,168.5361181103695,165.478761430844,167.53002095796475,90956700,162.37254333496094
2022-01-19,162.37254333496094,167.1100025568735,162.08927949191408,166.05506272277646,94815000,160.69248962402344
2022-01-20,160.69248962402344,165.74251639966073,160.3701455866801,163.10517370877471,91420500,158.64120483398438
2022-01-21,158.64120483398438,162.4702376425932,158.5337568383858,160.604556493883,122848900,157.86956787109375
2022-01-24,157.86956787109375,158.53379607319022,151.11014976934194,156.30670516297684,162294600,156.07223510742188
2022-01-25,156.07223510742188,158.98307875093712,153.3762874615523,155.29079647095608,115798400,155.98431396484375
2022-01-26,155.98431396484375,160.57524507136318,154.15771304423117,159.70589857439398,108275300,155.52523803710938
2022-01-27,155.52523803710938,160.03802433796415,154.60704872462142,158.68028043462846,121954600,166.37747192382812
2022-01-28,166.37747192382812,166.39701199453762,159.02220774828047,161.86468439588282,179935700,170.72415161132812
2022-01-31,170.72415161132812,170.9390476064095,165.57644011866424,166.2113655240236,115541600,170.55813598632812
2022-02-01,170.55813598632812,170.7827946109015,168.3115050264779,169.9720531603827,86213900,171.75953674316406
2022-02-02,171.75953674316406,171.7986168687593,169.30778797894317,170.69483434355706,84914300,168.88778686523438
2022-02-03,168.88778686523438,172.15029228212393,168.12588824034546,170.43112418107953,89418100,168.60421752929688
2022-02-04,168.60421752929688,170.2766715288456,166.93176352974814,167.90980296432235,82465400,167.8901824951172
2022-02-07,167.8901824951172,170.129885294368,167.19576822143142,169.06382633955357,77251200,170.99058532714844
2022-02-08,170.99058532714844,171.49916986063508,167.66524328351184,167.95865801143464,74829200,172.4087371826172
2022-02-09,172.4087371826172,172.77060688626915,171.05903840340724,172.18379236064646,71285000,168.340087890625
2022-02-10,168.340087890625,171.62629991772872,167.78261335475796,170.31573108381698,90865900,164.93655395507812
2022-02-11,164.93655395507812,169.2790510191681,164.3497243806945,168.54552151303656,98670700,165.17127990722656
2022-02-14,165.17127990722656,165.85590442480958,162.9022215932997,163.69443102962404,86185500,168.99539184570312
2022-02-15,168.99539184570312,169.15188170406051,166.51117876998032,167.21536820889426,62527400,168.7606658935547
2022-02-16,168.7606658935547,169.5333102903167,166.31556790878483,168.07604144255788,61177400,165.17127990722656
2022-02-17,165.17127990722656,168.13473775909648,164.7702802170368,167.27405840916626,69589300,163.6259765625
2022-02-18,163.6259765625,166.7948143179217,162.54035235125863,166.09063975736873,82772700,160.71141052246094
2022-02-22,160.71141052246094,163.02935867994262,158.58905229899906,161.35690506054718,91162800,156.55474853515625
2022-02-23,156.55474853515625,162.50121399005073,156.24176881453315,161.90460945584556,90009200,159.1660919189453
2022-02-24,159.1660919189453,159.27367681919955,148.66194638721413,149.22921086821898,141147500,161.22976684570312
2022-02-25,161.22976684570312,161.4938266826065,157.3371601146723,160.24193771015948,91974200,161.4938201904297
2022-02-28,161.4938201904297,161.78723492110947,158.86289248069977,159.479061922758,95056600,159.61598205566406
2022-03-01,159.61598205566406,162.94132403155473,158.41299811175085,161.08304074169718,83474400,162.9022216796875
2022-03-02,162.9022216796875,163.68465609606667,159.37149924746353,160.77987821220702,79724800,162.5794677734375
2022-03-03,162.5794677734375,165.20062084345977,161.9144082164394,164.7702811660162,76678400,159.5866241455078
2022-03-04,159.5866241455078,161.9143617747294,158.54013016070306,160.87764280753723,83737200,155.80160522460938
2022-03-07,155.80160522460938,161.39598912291174,155.5473055505203,159.7724409102269,96418800,153.98251342773438
2022-03-08,153.98251342773438,159.3030497335725,152.3785295346828,155.3322124692921,131148300,159.37147521972656
2022-03-09,159.37147521972656,159.8213797915154,155.90922322313332,157.9337564869507,91454900,155.0387725830078
2022-03-10,155.0387725830078,156.86770104560523,152.55454474714313,156.68187121650197,105342000,151.3319854736328
2022-03-11,151.3319854736328,155.78206635482195,151.1070406596988,155.43974670100266,96970100,147.312255859375
2022-03-14,147.312255859375,150.7353929741164,146.8036862331013,148.12403016599976,108732100,151.68408203125
2022-03-15,151.68408203125,152.1535515492418,147.0775261791108,147.58609577139651,92964300,156.08526611328125
2022-03-16,156.08526611328125,156.48626575095446,151.06793536575267,153.60105321090987,102300200,157.09263610839844
2022-03-17,157.09263610839844,157.4642957434988,154.16830873861088,155.12678288189394,75615400,160.37884521484375
2022-03-18,160.37884521484375,160.86786475806085,156.25151907619613,156.98504839102176,123511700,161.7481231689453
2022-03-21,161.7481231689453,162.69682236043158,159.4301601813594,159.9191797677464,95811400,165.1125946044922
2022-03-22,165.1125946044922,165.6994092047397,161.2884575262128,161.87527212646032,81532000,166.4720458984375
2022-03-23,166.4720458984375,168.84867380689857,163.9682532045546,164.30079784879288,98062700,170.24725341796875
2022-03-24,170.24725341796875,170.3157083866542,166.47202233591315,167.30334651961118,90131400,170.8830108642578
2022-03-25,170.8830108642578,171.43071043053845,168.95627243907444,170.06146151483682,80546200,171.74366760253906
2022-03-28,171.74366760253906,171.87080253422522,168.22272096176943,168.38898581373743,90371900,175.02992248535156
2022-03-29,175.02992248535156,175.07881251217484,172.467449330379,172.80976906031557,100589400,173.8660125732422
2022-03-30,173.8660125732422,175.66560091058673,172.8195035873902,174.628881866762,92633200,170.77545166015625
2022-03-31,170.77545166015625,174.12034444944086,170.57005683003788,173.9345145849757,103049300,170.4820098876953
2022-04-01,170.4820098876953,171.0394993928561,168.1640617684755,170.20816010667752,78751300,174.52130126953125
2022-04-04,174.52130126953125,174.5702062097959,170.60914482743888,170.7362946873885,76468400,171.2155303955078
2022-04-05,171.2155303955078,174.38438259894033,170.58958593943765,173.60194829792937,73401800,168.05642700195312
2022-04-06,168.05642700195312,169.81690001741904,166.39376384655895,168.57478642821678,89058800,168.35963439941406
2022-04-07,168.35963439941406,169.55284318419794,166.11993163539967,167.40116034930097,77594700,166.35467529296875
2022-04-08,166.35467529296875,168.00756384278074,165.48422104719532,168.00756384278074,76575500,162.1099853515625
2022-04-11,162.1099853515625,165.31795249524248,161.8654755697351,165.00498773482366,72246700,163.97802734375
2022-04-12,163.97802734375,166.13948524268093,162.98042335456353,164.33012199148104,79265200,166.65785217285156
2022-04-13,166.65785217285156,167.28379658301122,163.10758048377514,163.71395993382896,70618900,161.6601104736328
2022-04-14,161.6601104736328,167.5087962740481,161.41560064690395,166.87306177033577,75329400,161.44493103027344
2022-04-18,161.44493103027344,162.94132974863555,159.977872292766,160.32017704396847,69023900,163.7237548828125
2022-04-19,163.7237548828125,164.1345444765827,160.31040765157212,161.39603175237912,67723800,163.55747985839844
2022-04-20,163.55747985839844,165.17125338034182,162.45230578739907,165.05387853639598,67929800,162.76522827148438
2022-04-21,162.76522827148438,167.76300753456877,162.26643381627662,165.20055045001644,87227800,158.23695373535156
2022-04-22,158.23695373535156,164.18343379206294,157.95332893712188,162.80440987833427,84882400,159.30299377441406
2022-04-25,159.30299377441406,159.58661851207708,154.9800632753819,157.58163561913904,96046400,153.35653686523438
2022-04-26,153.35653686523438,158.77486701882205,153.2782919448604,158.68684707978605,95623200,153.13160705566406
2022-04-27,153.13160705566406,156.2808795981602,151.967738002025,152.48609759207858,88063200,160.04632568359375
2022-04-28,160.04632568359375,160.9070049099631,155.43975472715812,155.7527344180899,130216800,154.18788146972656
2022-04-29,154.18788146972656,162.55012002443183,153.7966717400247,158.2858683064252,131747600,154.4910888671875
2022-05-02,154.4910888671875,154.75514872367953,149.9040823265059,153.26853978592672,123055300,155.97772216796875
2022-05-03,155.97772216796875,157.18072139689278,152.88712894981262,154.67692795148562,88966500,162.37405395507812
2022-05-04,162.37405395507812,162.8239435793619,155.76250015329012,156.16349976201118,108256500,153.3271942138672
2022-05-05,153.3271942138672,160.47665766238154,151.5471558846843,160.25171284753384,130525300,154.052001953125
2022-05-06,154.052001953125,156.16767394547392,151.0156200226824,152.8080631040653,116124600,148.93914794921875
2022-05-09,148.93914794921875,152.63177739233632,148.38085428930862,151.75023984870148,131577900,151.3388671875
2022-05-10,151.3388671875,153.5231099451531,149.7912929478581,152.32814774676658,115366700,143.49325561523438
2022-05-11,143.49325561523438,152.25956414663153,142.81741468212965,150.3495886480442,142689800,139.63412475585938
2022-05-12,139.63412475585938,143.19941752795359,135.95129962230052,139.8398213340432,182602000,144.0907440185547
2022-05-13,144.0907440185547,145.0604308345469,140.17283922837782,141.62245981596948,113990900,142.5529327392578
2022-05-16,142.5529327392578,144.49230601105745,141.22084476017127,142.56273706460962,86643800,146.1770477294922
2022-05-17,146.1770477294922,146.69616897048812,143.6695758585412,145.80484195458106,78336300,137.92982482910156
2022-05-18,137.92982482910156,144.33559163369299,137.02869370903522,143.8360642275501,109742900,134.5310516357422
2022-05-19,134.5310516357422,138.7525913397019,133.7964445425997,137.00912503429328,136095600,134.76614379882812
2022-05-20,134.76614379882812,137.81231576353846,129.88835589129073,136.23535828446418,137426100,140.17283630371094
2022-05-23,140.17283630371094,140.31975175202894,134.82488980062982,134.96201586760006,117726300,137.47927856445312
2022-05-24,137.47927856445312,139.05623582746938,134.51146690573626,137.92003986063096,104132700,137.635986328125
2022-05-25,137.635986328125,138.87991021944293,135.50072064953915,135.58886991195646,92482700,140.8291015625
2022-05-26,140.8291015625,141.37760590054086,134.32537951243148,134.5702485880299,90601500,146.56881713867188
2022-05-27,146.56881713867188,146.6079896103765,142.27870662441157,142.4060433122878,90978500,145.78524780273438
2022-05-31,145.78524780273438,147.567901829154,143.8262952175465,146.01053811087894,103718400,145.65789794921875
2022-06-01,145.65789794921875,148.62570934761555,144.649023812494,146.82346195823692,74286600,148.10658264160156
2022-06-02,148.10658264160156,148.16534881431244,143.84585577263883,144.7959487531145,72348100,142.39625549316406
2022-06-03,142.39625549316406,144.93309527765794,141.49513917786348,143.88504856420633,88570300,143.14064025878906
2022-06-06,143.14064025878906,145.52077501341512,141.92608448379778,144.01237341190438,71598400,145.65789794921875
2022-06-07,145.65789794921875,145.94193944320352,141.1425125135875,141.3873815394989,67808200,144.9232940673828
2022-06-08,144.9232940673828,146.79408210793065,144.4335560047601,145.5305644824367,53950200,139.71246337890625
2022-06-09,139.71246337890625,144.91347882072873,139.60472041542363,144.06133943857793,69473000,134.31556701660156
2022-06-10,134.31556701660156,137.87105521943323,134.24699651333503,137.40091085996173,91437900,129.1732940673828
2022-06-13,129.1732940673828,132.42514647480579,128.74232225475177,130.1429657001856,122207100,130.0352783203125
2022-06-14,130.0352783203125,131.14209140798755,128.78154975446083,130.39769474252046,84784300,132.65045166015625
2022-06-15,132.65045166015625,134.52125474775525,129.4475753177957,131.5338494146611,91533000,127.39067077636719
2022-06-16,127.39067077636719,129.67285209068328,126.39160087860697,129.36921686332983,108123900,128.85989379882812
2022-06-17,128.85989379882812,130.34870189215334,127.14581035148301,127.40048374314352,134520300,133.08140563964844
2022-06-21,133.08140563964844,134.2469845261448,130.58375367786297,130.68169231513036,81000500,132.57211303710938
2022-06-22,132.57211303710938,134.93263938077834,131.16166488175563,132.0235937967665,73409200,135.43215942382812
2022-06-23,135.43215942382812,135.74558399228505,132.84634321517927,134.0119221215175,72433800,138.75259399414062
2022-06-24,138.75259399414062,138.99746302987265,136.90138468183136,137.0287064173905,89116800,138.75259399414062
2022-06-27,138.75259399414062,140.5450371291734,138.0767530642211,139.7712426067131,70207900,134.6191864013672
2022-06-28,134.6191864013672,140.47644880841756,134.50165406172098,139.212931320367,67083400,136.37246704101562
2022-06-29,136.37246704101562,137.7829151592785,133.8650103621575,134.63880492913648,66242400,133.9139862060547
2022-06-30,133.9139862060547,135.53011594509118,131.0245344279122,134.43310739232075,98964500,136.07858276367188
2022-07-01,136.07858276367188,136.18632571299105,132.87570725736074,133.2478979449589,71051600,138.65464782714844
2022-07-05,138.65464782714844,138.70362462604172,134.11966825992553,134.94243962271915,73353800,139.98672485351562
2022-07-06,139.98672485351562,141.16209320483665,138.18449238511542,138.44895512148898,74064300,143.34634399414062
2022-07-07,143.34634399414062,143.5422362397496,140.3393449670909,140.34913434840425,66253700,144.0221710205078
2022-07-08,144.0221710205078,144.5217134378149,142.02404618814074,142.27870461467543,64547800,141.89671325683594
2022-07-11,141.89671325683594,143.63039032716094,140.8290877786715,142.68029721118097,63141600,142.86639404296875
2022-07-12,142.86639404296875,145.40323372369386,142.07302074051665,142.76844044820817,77588800,142.50401306152344
2022-07-13,142.50401306152344,143.4443019452147,139.20316774910646,140.05532229787818,71185600,145.4228057861328
2022-07-14,145.4228057861328,145.89295009063997,140.30993976956114,141.12290665908233,78140700,147.0879364013672
2022-07-15,147.0879364013672,147.76377735798872,145.1583671279135,146.7059412883577,76259900,144.0515594482422
2022-07-18,144.0515594482422,148.45920196700573,143.6891431225671,147.64623499784832,81420900,147.90089416503906
2022-07-19,147.90089416503906,148.1261694879342,143.8948404199678,144.88410592104603,82982400,149.89903259277344
2022-07-20,149.89903259277344,150.56508418725386,147.28383290571463,148.01844006316782,64823400,152.16162109375
2022-07-21,152.16162109375,152.3771070356204,148.821603940378,151.32906041419434,65086600,150.9274444580078
2022-07-22,150.9274444580078,153.07249916430717,150.26140799071646,152.20076617293066,66675400,149.81088256835938
2022-07-25,149.81088256835938,151.85798424989775,149.1546353044719,150.849124954379,53623900,148.4886016845703
2022-07-26,148.4886016845703,149.94801169458665,147.70501771546552,149.13504463438227,55138700,153.57205200195312
2022-07-27,153.57205200195312,154.1009774684585,149.03708779660727,149.44846596743406,78620700,154.12059020996094
2022-07-28,154.12059020996094,154.40463173955777,151.2409277129022,153.75817384315252,81378700,159.1746826171875
2022-07-29,159.1746826171875,160.27170619819887,156.226464436767,157.93075852013737,101786900,158.19520568847656
2022-08-01,158.19520568847656,160.2325181068246,157.58793518866128,157.70546755749734,67829400,156.7259521484375
2022-08-02,156.7259521484375,159.07670355733856,156.35376142488207,156.81411634866453,59907000,162.72035217285156
2022-08-03,162.72035217285156,163.1709027619496,157.450766526114,157.53891577890045,82507500,162.40692138671875
2022-08-04,162.40692138671875,163.7586031177134,161.0552396557241,162.60281360750764,55474100,162.18136596679688
2022-08-05,162.18136596679688,162.67178435198056,159.876393569881,160.08237587686597,56697000,161.71054077148438
2022-08-08,161.71054077148438,164.59420304327227,161.05338198319762,163.18179581085533,60276900,161.7595672607422
2022-08-09,161.7595672607422,162.64232916411427,160.12157196524083,160.87682032374863,63135500,165.99679565429688
2022-08-10,165.99679565429688,166.0948703368816,163.70162657940335,164.46667794890814,70170500,165.26116943359375
2022-08-11,165.26116943359375,167.713261012407,164.9669154508603,166.80107516257124,57149200,168.80201721191406
2022-08-12,168.80201721191406,168.87066800455992,166.15374591104305,166.56571053244468,68039400,169.87110900878906
2022-08-15,169.87110900878906,170.06727335382837,168.0663730882192,168.2331135298216,54091700,169.71417236328125
2022-08-16,169.71417236328125,170.38114909928223,168.3704308785935,169.46896318920653,56377100,171.2050323486328
2022-08-17,171.2050323486328,172.77436193637106,169.2629800618565,169.45914438952641,79542000,170.8126983642578
2022-08-18,170.8126983642578,171.54832585930868,169.80243780169835,170.42036968678258,62290100,168.2331085205078
2022-08-19,168.2331085205078,170.41056710828244,168.02712623620275,169.71416649279175,70346300,164.35877990722656
2022-08-22,164.35877990722656,166.60488891273792,163.93701242863682,166.43814850327874,69026800,164.02528381347656
2022-08-23,164.02528381347656,165.4769326102334,163.45639684713305,163.87816432492966,54147100,164.319580078125
2022-08-24,164.319580078125,164.88846719098774,163.06411023124903,164.11361274111158,53841500,166.77166748046875
2022-08-25,166.77166748046875,166.87956011908489,165.1238689631101,165.5456215718219,51218200,160.48448181152344
2022-08-26,160.48448181152344,167.7721056277997,160.42563400937078,167.3013082441995,78961000,158.28744506835938
2022-08-29,158.28744506835938,159.77830620497173,156.7573420791942,158.0618418321346,73314000,155.86476135253906
2022-08-30,155.86476135253906,159.44480926961938,154.6975633016655,159.02305667853338,77906200,154.20716857910156
2022-08-31,154.20716857910156,157.50278094726974,154.1286998362425,157.23795081091825,87991100,154.93296813964844
2022-09-01,154.93296813964844,155.38414463005734,151.70600708998924,153.63825654168207,74229900,152.8241729736328
2022-09-02,152.8241729736328,157.2869832188541,152.00027368828214,156.6886721974106,76957800,151.56869506835938
2022-09-06,151.56869506835938,154.07963464254792,150.7447958267751,153.4715206737186,73714800,152.97129821777344
2022-09-07,152.97129821777344,153.6676838931478,150.66632598771957,151.85314497915547,87449600,151.50006103515625
2022-09-08,151.50006103515625,153.36364499716552,149.75415773532657,151.67660447799875,84923800,154.3542938232422
2022-09-09,154.3542938232422,154.79568238893683,151.7845060067485,152.4907097522004,68028800,160.29812622070312
2022-09-12,160.29812622070312,161.11222243462,156.24728104104713,156.53171708379904,104956000,150.89190673828125
2022-09-13,150.89190673828125,157.46350930410847,150.43091231518306,156.8357744463717,122656600,152.333740234375
2022-09-14,152.333740234375,154.08944624806267,150.66632089509483,151.82370097735972,87965400,149.4500732421875
2022-09-15,149.4500732421875,152.26508456095567,148.47905455230304,151.6863795720259,90481100,147.8120880126953
2022-09-16,147.8120880126953,148.44964084888636,145.52673670084437,148.31232430924803,162278800,151.51963806152344
2022-09-19,151.51963806152344,151.59810678770754,146.2427471814607,146.44871449211215,81474200,153.8932647705078
2022-09-20,153.8932647705078,155.05065980282333,150.14647654096675,150.4603364872082,107689800,150.77423095703125
2022-09-21,150.77423095703125,155.6980357811973,150.65653533272163,154.32485530993193,101696800,149.81298828125
2022-09-22,149.81298828125,151.50983141556574,148.0180554999838,149.45988650515864,86652500,147.54722595214844
2022-09-23,147.54722595214844,148.56730428254153,145.71306650576898,148.2926712627535,96029900,147.88075256347656
2022-09-26,147.88075256347656,150.82326264584486,146.77240230987616,146.79202323434507,93339400,148.8517608642578
2022-09-27,148.8517608642578,151.75504386028683,147.0764489671257,149.81299153282302,84442700,146.9685516357422
2022-09-28,146.9685516357422,147.75322390412563,142.06436866631904,144.81071412247172,146691400,139.7496337890625
2022-09-29,139.7496337890625,143.9083875278427,137.98412442041132,143.30027345445623,128138200,135.5515899658203
2022-09-30,135.5515899658203,140.35769739354438,135.3554256755078,138.5725679290359,124925300,139.72021484375
2022-10-03,139.72021484375,140.32834390512355,135.05143653979655,135.56147592361143,114311700,143.3002471923828
2022-10-04,143.3002471923828,143.41794280659562,141.49549629829846,142.2507447443845,87830100,143.59451293945312
2022-10-05,143.59451293945312,144.55574385560058,140.26947652199397,141.30917618434017,79471000,142.64309692382812
2022-10-06,142.64309692382812,144.712663290669,142.43712956504083,143.0158197187154,68402200,137.40541076660156
2022-10-07,137.40541076660156,140.3577388347644,136.7776758724346,139.80845770678545,85925600,137.72909545898438
2022-10-10,137.72909545898438,139.1709266873786,135.91455644051044,137.72909545898438,74899000,136.31668090820312
2022-10-11,136.31668090820312,138.64127407342733,135.57125040118655,137.21904887976436,77033700,135.68894958496094
2022-10-12,135.68894958496094,137.67024396939837,135.51240615749046,136.46381898254117,70433700,140.2498321533203
2022-10-13,140.2498321533203,140.83832513907973,131.79501040391918,132.40313927882985,113224000,135.7281951904297
2022-10-14,135.7281951904297,141.75053227831364,135.5418338120233,141.5445499741852,88598000,139.68096923828125
2022-10-17,139.68096923828125,140.16156968133146,137.5819791306435,138.36665154683308,85250900,140.99526977539062
2022-10-18,140.99526977539062,143.88873492707052,137.91544326382163,142.7019309504816,99136600,141.10317993164062
2022-10-19,141.10317993164062,142.1722884311379,138.78840452952474,138.97476591255997,61758300,140.64215087890625
2022-10-20,140.64215087890625,143.09424222902763,139.9163264513743,140.2792461483292,64522000,144.44781494140625
2022-10-21,144.44781494140625,145.0167019837592,139.916339525803,140.13212478208789,86548600,146.58604431152344
2022-10-24,146.58604431152344,147.3510957532076,143.2021606323234,144.3693587197694,75981900,149.42063903808594
2022-10-25,149.42063903808594,149.56777350297594,146.49775025875292,147.21375676214043,74732300,146.48797607421875
2022-10-26,146.48797607421875,149.07738452163943,145.20306734701933,148.06712385627637,88194300,142.025146484375
2022-10-27,142.025146484375,146.1937021462339,141.36798774070627,145.23248644302674,109180200,152.75550842285156
2022-10-28,152.75550842285156,154.48177557471033,144.98728378991743,145.35999154749908,164762400,150.4014892578125
2022-10-31,150.4014892578125,151.28425122815005,149.00870300208484,150.22494584357278,97943200,147.76304626464844
2022-11-01,147.76304626464844,152.47106552613408,146.27218522217615,152.10816072803473,80379300,142.25076293945312
2022-11-02,142.25076293945312,149.2539372421044,142.22133903213634,146.0956414814595,93604600,136.21861267089844
2022-11-03,136.21861267089844,140.0634909361085,136.09109910411752,139.33766635298934,97918500,135.95335388183594
2022-11-04,135.95335388183594,140.1681172493776,132.0234984378513,139.59828641105477,140814800,136.4838409423828
2022-11-07,136.4838409423828,136.70980337190065,133.29083425573356,134.7055842324109,83374600,137.05369567871094
2022-11-08,137.05369567871094,138.9498435557623,135.0789489012502,137.94774130575934,89908500,132.50486755371094
2022-11-09,132.50486755371094,136.12034157773797,132.22977893126608,136.07121539704306,74917800,144.29444885253906
2022-11-10,144.29444885253906,144.29444885253906,137.0536956773793,138.7631880310501,118854000,147.0748291015625
2022-11-11,147.0748291015625,147.3793904835366,141.83829520447486,143.26287971945007,93979700,145.67971801757812
2022-11-14,145.67971801757812,147.64464544159856,144.84461786588682,146.3576203774582,73374100,147.4088592529297
2022-11-15,147.4088592529297,150.89660867721872,145.95481705312972,149.5506380930854,89868300,146.1807861328125
2022-11-16,146.1807861328125,147.2418488642614,144.70709039322372,146.51483522710427,64218300,148.0769500732422
2022-11-17,148.0769500732422,148.8236171893066,143.5870831617381,143.8621718356149,80389400,148.63693237304688
2022-11-18,148.63693237304688,150.02220984195606,147.34008803390304,149.63904958366277,74829600,145.4144744873047
2022-11-21,145.4144744873047,147.73308985978306,145.12956655626695,147.52678083863384,58724100,147.54640197753906
2022-11-22,147.54640197753906,147.7821986794849,144.3533947208252,145.53236323934706,51804100,148.42080688476562
2022-11-23,148.42080688476562,149.16747394284351,146.72113379241404,146.82920540527334,58301400,145.5126953125
2022-11-25,145.5126953125,146.2691965387926,144.5400508786952,145.70918504900035,35195900,141.69091796875
2022-11-28,141.69091796875,144.06847835661756,140.86565204725017,142.59478278627932,69246000,138.69439697265625
2022-11-29,138.69439697265625,142.2705641956943,137.88878454429147,141.75967888062996,83763800,145.43411254882812
2022-11-30,145.43411254882812,146.11201495746124,138.0852876520207,138.92037287256267,111380900,145.70921325683594
2022-12-01,145.70921325683594,146.51484082101652,144.0390276864429,145.61097586517099,71250400,145.2179718017578
2022-12-02,145.2179718017578,145.40464232225125,143.09584639700262,143.4004227674544,65447400,144.05865478515625
2022-12-05,144.05865478515625,148.2734173934748,143.21373541725012,145.17866278529172,68826400,140.40390014648438
2022-12-06,140.40390014648438,144.71691547188212,139.43125562304482,144.49095300364328,64727200,138.46844482421875
2022-12-07,138.46844482421875,140.85582456681212,137.54492649061714,139.69652452502783,69721100,140.1484375
2022-12-08,140.1484375,141.00319109284194,138.62563079391435,139.86352962985669,62128300,139.6670684814453
2022-12-09,139.6670684814453,143.01727390300547,138.42915440090607,139.8439047836886,76097000,141.9561767578125
2022-12-12,141.9561767578125,141.96599599737974,138.58631867677312,140.19755844692216,70462700,142.9190216064453
2022-12-13,142.9190216064453,147.34010905974955,141.71059523341404,146.87834983755218,93886200,140.69863891601562
2022-12-14,140.69863891601562,144.0881358235322,138.68458524913544,142.8011107216781,82291200,134.1062774658203
2022-12-15,134.1062774658203,139.31333739130548,133.64451838807022,138.63543512859985,98931900,132.15118408203125
2022-12-16,132.15118408203125,135.23611943482993,131.38486361161162,134.29296269794702,160156900,130.04872131347656
2022-12-19,130.04872131347656,132.82909551472687,129.01714637272462,132.74067737544078,79592600,129.97996520996094
2022-12-20,129.97996520996094,130.91330283228723,127.6122238272619,129.08591954394805,77432800,133.07472229003906
2022-12-21,133.07472229003906,134.41087369361549,130.42207295695286,130.64803543949063,85928000,129.91119384765625
2022-12-22,129.91119384765625,132.20033647277774,128.01504576681836,131.99402745433673,77852100,129.54766845703125
2022-12-23,129.54766845703125,130.0978457490201,127.3665977700706,128.62415014924704,63814900,127.74976348876953
2022-12-27,127.74976348876953,129.1055682957193,126.46273834186272,129.07609558176017,69007800,123.82972717285156
2022-12-28,123.82972717285156,128.73221899747332,123.66271014073895,127.39606774936588,85438400,127.33714294433594
2022-12-29,127.33714294433594,128.1918817150827,125.49011356491995,125.74554877459363,75703700,127.6515121459961
2022-12-30,127.6515121459961,127.67116561919678,125.19536018378078,126.15817798931155,77034200,122.8767318725586
2023-01-03,122.8767318725586,128.60448941700523,121.9925130634904,127.99536673400503,112117500,124.14412689208984
2023-01-04,124.14412689208984,126.4037966398773,122.886574422074,124.66483150899292,89113600,122.82760620117188
2023-01-05,122.82760620117188,125.5293813261351,122.57217104073682,124.90060516942826,80962700,127.3469467163086
2023-01-06,127.3469467163086,128.0051956310965,122.69989736764362,123.80025946812165,87754700,127.86767578125
2023-01-09,127.86767578125,131.07051781969213,127.61224055371211,128.1820714377982,70790800,128.43748474121094
2023-01-10,128.43748474121094,128.95818934117645,125.87325369613974,127.97572556898378,63896200,131.14907836914062
2023-01-11,131.14907836914062,131.1687168485226,128.17221470136022,128.94835439070522,69458900,131.0704803466797
2023-01-12,131.0704803466797,131.90556546211644,129.1350257391296,131.53223946571177,71379600,132.3968048095703
2023-01-13,132.3968048095703,132.55400260182785,129.35117628841525,129.71468306570503,57809700,133.55612182617188
2023-01-17,133.55612182617188,134.88243886666353,131.77786487384603,132.4655864864573,63646600,132.8389129638672
2023-01-18,132.8389129638672,136.17928328311848,132.66206171643108,134.42067999537736,69672800,132.89784240722656
2023-01-19,132.89784240722656,133.86065244378065,131.42414715096476,131.72870843866633,58280400,135.45228576660156
2023-01-20,135.45228576660156,135.59966433835268,131.86629872212012,132.90770800117681,80223600,138.63546752929688
2023-01-23,138.63546752929688,140.80671912517695,135.4817521326256,135.6978953680963,81760300,140.03053283691406
2023-01-24,140.03053283691406,140.64948968940584,137.83964325138285,137.84946249034775,66435100,139.37232971191406
2023-01-25,139.37232971191406,139.93232634052288,136.37581181311944,138.41933852785135,65799300,141.43548583984375
2023-01-26,141.43548583984375,141.72039372676826,139.41159795380088,140.65933109437518,54105100,143.37091064453125
2023-01-27,143.37091064453125,144.64811636457318,140.57089828761406,140.64949717713105,70555800,140.49232482910156
2023-01-30,140.49232482910156,142.99761054282715,140.34496125408572,142.41796049282078,64015300,141.7596893310547
2023-01-31,141.7596893310547,141.80881551729502,139.78494257033407,140.19757555057984,65874500,142.87969970703125
2023-02-01,142.87969970703125,144.03901475780756,138.84178798038548,141.44531098955775,77663600,148.17515563964844
2023-02-02,148.17515563964844,148.5288281161462,145.57161831064525,146.28881248443847,118339000,151.7906494140625
2023-02-03,151.7906494140625,154.62014981197694,145.23761799882098,145.43410775063012,154357300,149.06924438476562
2023-02-06,149.06924438476562,150.41523013113607,148.13590667152536,149.89452545981646,69858300,151.93800354003906
2023-02-07,151.93800354003906,152.50783427872634,147.99832954313612,147.99832954313612,83322600,149.25588989257812
2023-02-08,149.25588989257812,151.8692470443083,148.51904208604415,151.18152542311802,64120100,148.22430419921875
2023-02-09,148.22430419921875,151.62363543992853,147.782198500911,151.0832773681269,56007100,148.58836364746094
2023-02-10,148.58836364746094,148.9130734935689,146.8270751036462,147.0632318137508,57450700,151.38284301757812
2023-02-13,151.38284301757812,151.78625678187208,148.49982115470684,148.52933886882354,62199000,150.74327087402344
2023-02-14,150.74327087402344,151.3041375201495,148.44079888424892,149.68058802933567,61707600,152.83909606933594
2023-02-15,152.83909606933594,153.00636811059493,150.42838780610393,150.6546952720313,65573800,151.2450714111328
2023-02-16,151.2450714111328,153.82305157694913,150.8908438680814,151.04826665403036,68167900,150.10369873046875
2023-02-17,150.10369873046875,150.5464794908576,148.4309630722788,149.90690894964015,59144100,146.09893798828125
2023-02-21,146.09893798828125,148.87372305726493,146.03006833094608,147.79135689260553,58867200,146.52203369140625
2023-02-22,146.52203369140625,147.5453493019233,144.80009726904348,146.4826667367167,51011300,147.00418090820312
2023-02-23,147.00418090820312,147.92910925221886,144.8788305804024,147.6831183102613,48394200,144.35731506347656
2023-02-24,144.35731506347656,144.82961341599875,143.3831856356865,144.75089452156274,55469600,145.54794311523438
2023-02-27,145.54794311523438,146.77789803104127,145.08547886576312,145.34131909727375,44998500,145.0460968017578
2023-02-28,145.0460968017578,146.689314426437,144.47539603761436,144.6918692589824,50547000,142.97976684570312
2023-03-01,142.97976684570312,144.8689754008769,142.68457472462396,144.47539591550134,55479000,143.5701446533203
2023-03-02,143.5701446533203,144.35731860288683,141.59236804059648,142.06468141879296,52238100,148.6080780029297
2023-03-03,148.6080780029297,148.68679692265323,144.96741429678426,145.6660203114201,70732300,151.3631591796875
2023-03-06,151.3631591796875,153.79355106354063,150.99909736370918,151.32379221822697,87558000,149.1688995361328
2023-03-07,149.1688995361328,151.55992406603715,148.70643540651363,151.23521425072406,56182000,150.4185333251953
2023-03-08,150.4185333251953,151.00891757952724,149.39521763366128,150.35949790258118,47204800,148.1750946044922
2023-03-09,148.1750946044922,152.0617483379844,147.8208670608722,151.09746808583355,53833600,146.11859130859375
2023-03-10,146.11859130859375,148.51946484076757,145.24286432488373,147.8011756328935,68572400,148.05703735351562
2023-03-13,148.05703735351562,150.6842189540097,145.33145336527863,145.43968998615728,84457100,150.1430206298828
2023-03-14,150.1430206298828,150.94002884188114,147.6929605728649,148.85403055723415,73695900,150.53662109375
2023-03-15,150.53662109375,150.7924462663543,147.51584514285557,148.76548332238644,77167900,153.3507537841797
2023-03-16,153.3507537841797,153.95097226183628,149.20825986230471,149.71992520737962,76161100,152.514404296875
2023-03-17,152.514404296875,154.2265068856699,151.80594908869074,153.5770871091514,98944600,154.8759002685547
2023-03-20,154.8759002685547,155.28917828804447,151.67801783277878,152.58327776546486,73641400,156.72576904296875
2023-03-21,156.72576904296875,156.84383990664745,154.02970254755692,154.79720820376127,73938300,155.2989959716797
2023-03-22,155.2989959716797,159.53987720924363,155.27931249330243,156.74542384346483,75701800,156.38137817382812
2023-03-23,156.38137817382812,158.95937384680835,155.15142327717084,156.28299079055427,67622100,157.68023681640625
2023-03-24,157.68023681640625,157.76878997628896,155.31872913493615,156.31252740651905,59196500,155.7418212890625
2023-03-27,155.7418212890625,158.19189706310823,155.3383924442017,157.3752051384263,52390300,155.12185668945312
2023-03-28,155.12185668945312,155.94839753031852,153.47863926690832,155.43673225056244,45992200,158.19186401367188
2023-03-29,158.19186401367188,158.46737267599337,156.7946372221569,156.8143056879684,51305700,159.75637817382812
2023-03-30,159.75637817382812,159.8646148025582,158.68386113447403,158.9396863414281,49501700,162.25563049316406
2023-03-31,162.25563049316406,162.35403288236776,159.31358823359025,159.8350878653574,68749800,163.5052490234375
2023-04-03,163.5052490234375,163.6233198649464,161.586522778444,161.6357239671043,56976200,162.9739227294922
2023-04-04,162.9739227294922,164.16451047380076,162.46225736922722,163.92836877990578,46278300,161.13394165039062
2023-04-05,161.13394165039062,162.4032636373138,159.20538058937618,162.09823719499718,51511700,162.0194854736328
2023-04-06,162.0194854736328,162.31467762112032,159.40213812085784,159.8252353547828,45390100,159.431640625
2023-04-10,159.431640625,159.431640625,157.5129143705151,158.8314221542027,47716900,158.22142028808594
2023-04-11,158.22142028808594,159.75640178486614,157.93606230921543,159.7465675495636,47644200,157.53260803222656
2023-04-12,157.53260803222656,159.4611686435216,157.21773241416443,158.6346426672523,50133100,162.9050750732422
2023-04-13,162.9050750732422,163.14123183489016,158.83146477293297,159.03810381613732,68445600,162.56069946289062
2023-04-14,162.56069946289062,163.65290010625418,161.1929900999488,161.95063157173945,49386500,162.58035278320312
2023-04-17,162.58035278320312,162.73779061232008,161.39959909302152,162.44259843625022,41516200,163.8004608154297
2023-04-18,163.8004608154297,164.7253892225956,162.99360326395418,163.43639900098648,49923000,164.9418487548828
2023-04-19,164.9418487548828,165.46334834295578,162.8853530999642,163.14119328481948,47720200,163.97755432128906
2023-04-20,163.97755432128906,165.17799130758831,162.9050374280842,163.4265370188754,52456400,162.3737030029297
2023-04-21,162.3737030029297,163.78076396537094,161.85220341407148,162.40322071444277,58337300,162.67874145507812
2023-04-24,162.67874145507812,162.9444158925364,161.26183114076272,162.35403159020615,41949600,161.14376831054688
2023-04-25,161.14376831054688,163.6430299514636,161.10440134757968,162.54099521393778,48714100,161.13394165039062
2023-04-26,161.13394165039062,162.62957115675852,160.18934460412623,160.44516984288546,45498800,165.7093505859375
2023-04-27,165.7093505859375,165.85693915334915,162.5409858833323,162.5409858833323,64902300,166.95896911621094
2023-04-28,166.95896911621094,167.12625617335198,165.1878463008649,165.78806481489534,55275900,166.87042236328125
2023-05-01,166.87042236328125,167.71663185783257,165.9356597273935,166.56539597816914,52472900,165.83724975585938
2023-05-02,165.83724975585938,167.6182368189597,164.85328597063295,167.3623966257795,48425700,164.7647247314453
2023-05-03,164.7647247314453,168.17908009941613,164.47938185396285,166.7818533947913,65136000,163.13134765625
2023-05-04,163.13134765625,164.36130237503923,161.67508547315035,162.24578626436005,81235400,170.78659057617188
2023-05-05,170.78659057617188,171.50487988988195,168.02163990321543,168.23811312336284,113453200,170.71771240234375
2023-05-08,170.71771240234375,171.06210572406735,169.35000337616833,169.7140651629481,55962800,169.01544189453125
2023-05-09,169.01544189453125,170.75704676065035,168.8481698742082,170.27491417680565,45326900,170.77679443359375
2023-05-10,170.77679443359375,171.23925872825046,169.14341054242746,170.24546046425388,53724500,170.9636993408203
2023-05-11,170.9636993408203,171.7902252766967,169.4090348343318,171.0621017201797,49514700,170.0375213623047
2023-05-12,170.0375213623047,171.50564580777203,168.49055408757272,171.07210045600348,45533100,169.54486083984375
2023-05-15,169.54486083984375,170.66813061172948,168.95365989259247,170.61886136031444,37266700,169.54486083984375
2023-05-16,169.54486083984375,170.5991506527755,169.2788189100942,169.4660330445526,42110300,170.1557159423828
2023-05-17,170.1557159423828,170.3921842356942,167.91902478069315,169.1901019966857,57951600,172.4811248779297
2023-05-18,172.4811248779297,172.66833901247392,170.04737119858373,170.46120584790356,65496700,172.58949279785156
2023-05-19,172.58949279785156,173.80143807257875,172.3727201425523,173.80143807257875,55809500,171.64356994628906
2023-05-22,171.64356994628906,172.1460951955022,170.9045763773169,171.42679729660153,43570900,169.04232788085938
2023-05-23,169.04232788085938,170.83562631420236,168.7664381272472,170.58929510312979,50747300,169.31817626953125
2023-05-24,169.31817626953125,169.88966634378653,168.0175556109429,168.5791828168519,45143500,170.4513397216797
2023-05-25,170.4513397216797,171.3479738482291,169.17041449607095,169.8798495430277,56058300,172.85552978515625
2023-05-26,172.85552978515625,173.19055165787438,170.56958397024448,170.77650880236848,54835000,174.69810485839844
2023-05-30,174.69810485839844,176.36330631715728,173.9788219031772,174.36309800636275,55964400,174.64883422851562
2023-05-31,174.64883422851562,176.71802248155805,174.16601962684186,174.72766202276017,99625300,177.4471435546875
2023-06-01,177.4471435546875,177.47670209655325,174.33351350934285,175.09221783191245,68901800,178.29454040527344
2023-06-02,178.29454040527344,179.11236188910445,176.62933889294345,178.37336820267623,61996900,176.9446258544922
2023-06-05,176.9446258544922,182.23581511366768,175.42721727327233,179.9498694414483,121946500,176.5800323486328
2023-06-06,176.5800323486328,177.47666632929963,174.8261406871695,177.32887364975582,64848400,175.21047973632812
2023-06-07,175.21047973632812,178.55073052308683,174.71781728969785,175.82137635899298,61944600,177.92010498046875
2023-06-08,177.92010498046875,178.18613184931536,174.85574427470908,175.28927455408018,50214900,178.3043975830078
2023-06-09,178.3043975830078,179.5557493602978,177.97923856717878,178.83646640490514,48900000,181.0928497314453
2023-06-12,181.0928497314453,181.19138823156914,178.31424143935143,178.60984190485868,54274900,180.619873046875
2023-06-13,180.619873046875,181.44754220802452,179.76264534674598,180.1173628493618,54929100,181.25050354003906
2023-06-14,181.25050354003906,181.684048880549,179.34883379218707,180.67901332162722,57462900,183.2802734375
2023-06-15,183.2802734375,183.78279874291368,181.08300318978328,181.26036948430115,65433200,182.20626831054688
2023-06-16,182.20626831054688,184.245897953939,181.56581317602513,183.98970387223915,101256200,182.29495239257812
2023-06-20,182.29495239257812,183.3689679486228,181.70376647980103,181.70376647980103,49799100,181.2603759765625
2023-06-21,181.2603759765625,182.68909408055805,179.91047063421516,182.18656875714527,49515700,184.25572204589844
2023-06-22,184.25572204589844,184.304991288712,180.97458893469445,181.04356888160584,51245300,183.9404296875
2023-06-23,183.9404296875,184.8075203379306,182.29493904669715,182.8270228675936,53117000,182.55113220214844
2023-06-26,182.55113220214844,185.29033397781694,182.51171079012911,184.0882365039062,48088700,185.3001708984375
2023-06-27,185.3001708984375,185.6253298715582,182.94524533692336,183.1620179856705,50730800,186.47271728515625
2023-06-28,186.47271728515625,187.11317238738192,184.84693738882143,185.17208134019785,51216800,186.8077392578125
2023-06-29,186.8077392578125,187.2807060224463,186.16728410364277,186.30522898461155,46347300,191.12347412109375
2023-06-30,191.12347412109375,191.6259844129726,188.4532369978983,188.8178174385461,85213200,189.63563537597656
2023-07-03,189.63563537597656,191.03479491877454,188.94589592351636,190.9362564156046,31458200,188.5221710205078
2023-07-05,188.5221710205078,190.14795071297073,187.82258388907837,188.75865435398987,46920300,188.99513244628906
2023-07-06,188.99513244628906,189.20205725316632,186.42343432149448,187.0540415419299,45094300,187.88174438476562
2023-07-07,187.88174438476562,189.84254634486774,187.4482140588147,188.601042385603,46815000,185.84210205078125
2023-07-10,185.84210205078125,187.2018550195119,184.2951349736181,186.48255712554894,59922200,185.31991577148438
2023-07-11,185.31991577148438,186.52201339622226,183.8616390759319,186.3840685065736,46638100,186.98509216308594
2023-07-12,186.98509216308594,188.88676181703667,185.70416691161034,186.89640150427806,60750200,187.74378967285156
2023-07-13,187.74378967285156,188.38425984411805,186.99494820191867,187.70438329432415,41342300,187.89158630371094
2023-07-14,187.89158630371094,188.37438582770977,186.8471444335954,187.4383302857117,41616200,191.14315795898438
2023-07-17,191.14315795898438,191.46831693797242,188.9951421376018,189.08381775872684,50520200,190.886962890625
2023-07-18,190.886962890625,191.4781637647375,189.5961898515042,190.51254970289233,48288200,192.23687744140625
2023-07-19,192.23687744140625,195.32093388898534,189.82281961650222,190.26622781119138,80507300,190.2957763671875
2023-07-20,190.2957763671875,193.58675746858663,189.6750169550875,192.22700448393437,59581200,189.12326049804688
2023-07-21,189.12326049804688,192.10879369152832,188.42367321559357,191.25156585425083,71951700,189.92135620117188
2023-07-24,189.92135620117188,192.04966138875844,189.4286937985748,190.57167418096722,45377800,190.77854919433594
2023-07-25,190.77854919433594,191.5865226040476,190.08882496339956,190.49281166825537,37283200,191.64569091796875
2023-07-26,191.64569091796875,192.76896069007793,190.48301476563847,190.82786945588313,47471900,190.38446044921875
2023-07-27,190.38446044921875,194.30604897209747,189.72429463258098,193.1433729163405,47460200,192.95614624023438
2023-07-28,192.95614624023438,193.7444090416655,191.29094501886246,191.8131659299023,48291400,193.56707763671875
2023-07-31,193.56707763671875,193.60649905306556,192.39453857567588,193.1828015190956,38824100,192.7393798828125
2023-08-01,192.7393798828125,193.8429388199064,192.41422090280528,193.36013930235927,35175100,189.7538604736328
2023-08-02,189.7538604736328,192.31569604997566,189.03457754647138,192.17775117305615,50389300,188.3645477294922
2023-08-03,188.3645477294922,189.54693452970886,187.8915960163783,188.75868668614032,61235200,179.3192596435547
2023-08-04,179.3192596435547,184.6301595328746,179.25027969317492,182.79745486603875,115956800,176.225341796875
2023-08-07,176.225341796875,180.44253062568194,174.74735463626894,179.45720585194456,97576100,177.16139221191406
2023-08-08,177.16139221191406,177.62449604499406,174.97397007455905,177.05300588853657,67823000,175.57504272460938
2023-08-09,175.57504272460938,178.2748232727554,174.41235154839882,178.21570618554995,60378500,175.35824584960938
2023-08-10,175.35824584960938,178.0974474344709,174.99368050557445,176.84608080013524,54686900,175.4174346923828
2023-08-11,175.4174346923828,176.23636037713308,174.19399178686675,174.953720563952,52036700,177.06517028808594
2023-08-14,177.06517028808594,177.2920967961584,174.9438523177461,175.59504844195268,43675600,175.08201599121094
2023-08-15,175.08201599121094,177.0849254578291,174.68735981208974,176.49294118914725,43622600,174.2137451171875
2023-08-16,174.2137451171875,176.15744233651847,174.14467201512105,174.76626971305478,46964900,171.6780242919922
2023-08-17,171.6780242919922,175.14117901733323,171.16495931429398,174.77612136953763,66062900,172.16148376464844
2023-08-18,172.16148376464844,172.76334408254257,169.6652471318657,170.00070631097662,61172200,173.49346923828125
2023-08-21,173.49346923828125,173.77960771425435,171.4215020828672,172.7337554755455,46311900,174.8649444580078
2023-08-22,174.8649444580078,175.30893640777694,173.89802631437342,174.69721483499137,42038900,178.7030029296875
2023-08-23,178.7030029296875,179.12727253692543,175.95024126986627,176.13770818549477,52722800,174.02627563476562
2023-08-24,174.02627563476562,178.68329009610582,173.6612029173666,178.25902046647073,54945800,176.22653198242188
2023-08-25,176.22653198242188,176.7593193055493,173.47376987845638,175.01294998434398,51449600,177.78543090820312
2023-08-28,177.78543090820312,178.1800870283186,176.1673167274641,177.6867593505913,43820700,181.6630096435547
2023-08-29,181.6630096435547,182.43259974524452,177.10466595582741,177.30199404892278,53003900,185.14588928222656
2023-08-30,185.14588928222656,185.34323241647965,182.27473336292013,182.4720614420058,60813900,185.3629608154297
2023-08-31,185.3629608154297,186.5962801694583,184.97816577917948,185.33336235534645,60794500,186.93173217773438
2023-09-01,186.93173217773438,187.38558521498553,185.76747101772168,186.961330634287,45766500,187.1685333251953
2023-09-05,187.1685333251953,187.44479564304942,185.1064270757959,185.7674844117445,45280000,180.46914672851562
2023-09-06,180.46914672851562,186.32988234003622,179.04836051297525,185.88587535630464,81755800,175.1905059814453
2023-09-07,175.1905059814453,175.83184093509863,171.22414761118458,172.8422616393004,112488800,175.80226135253906
2023-09-08,175.80226135253906,177.83478423163749,175.41746632815568,175.97000602806156,65551300,176.96652221679688
2023-09-11,176.96652221679688,177.8939807491613,174.9734739911946,177.66705421097663,58953100,173.9473419189453
2023-09-12,173.9473419189453,177.72623373133553,172.487096210491,177.09477490699047,90370200,171.88523864746094
2023-09-13,171.88523864746094,174.93400012779577,171.65829707262085,174.15453395453247,84267900,173.3948211669922
2023-09-14,173.3948211669922,173.75001770449512,171.26364194197464,171.67803539320033,60895800,172.674560546875
2023-09-15,172.674560546875,174.14468255030425,171.5004532372104,174.12494522635322,109259500,175.5950469970703
2023-09-18,175.5950469970703,176.9862345995646,173.81906442528665,174.12492516303394,67257600,176.68038940429688
2023-09-19,176.68038940429688,177.23291401853146,174.7662755227223,175.15107052586188,51826900,173.14813232421875
2023-09-20,173.14813232421875,177.30194242582076,173.05932191129062,176.86781171431105,58436200,171.60897827148438
2023-09-21,171.60897827148438,173.9473619674597,171.53992021743218,172.22071489897561,63149100,172.45751953125
2023-09-22,172.45751953125,174.71696920532884,171.72740404867343,172.33912568113902,56725400,173.73028564453125
2023-09-25,173.73028564453125,174.60840835340898,171.82603288281885,171.87536866413782,46172700,169.66526794433594
2023-09-26,169.66526794433594,172.8620217812148,169.3692683155077,172.4871029695211,64588900,168.15567016601562
2023-09-27,168.15567016601562,170.73084132501634,166.7940959712009,170.3164478696235,66921800,168.41221618652344
2023-09-28,168.41221618652344,169.7343308371659,165.38317681816312,167.08022534636603,56294400,168.92527770996094
2023-09-29,168.92527770996094,170.76045735672912,168.06687727418498,169.7244661753788,51861100,171.43138122558594
2023-10-02,171.43138122558594,171.97404472395215,168.64900568223578,168.93514418826848,52164500,170.09938049316406
2023-10-03,170.09938049316406,171.31297744317223,168.54047825044546,169.96124934298015,49594600,171.34255981445312
2023-10-04,171.34255981445312,171.8852232303615,168.68845469814508,168.80684851428336,53020300,172.5758819580078
2023-10-05,172.5758819580078,173.10866919518492,170.3756298015613,171.47081778563683,48527900,175.12144470214844
2023-10-06,175.12144470214844,175.6147723242181,170.86894795356997,171.48068444244805,57266700,176.60142517089844
2023-10-09,176.60142517089844,176.66062207591688,173.45399257599578,174.45050893918912,42390800,176.00946044921875
2023-10-10,176.00946044921875,177.32171396949087,175.57532965392068,175.72333700059065,43698000,177.40066528320312
2023-10-11,177.40066528320312,177.45000107017458,175.23002615297557,175.82201043112758,47551100,178.2985076904297
2023-10-12,178.2985076904297,179.90674578858014,176.6507798893927,177.6670488234186,56743100,176.4633331298828
2023-10-13,176.4633331298828,179.5022186651883,175.76280113660414,178.99902980590412,51427100,176.33502197265625
2023-10-16,176.33502197265625,176.69021845376034,174.15450731404093,174.3913099864983,52517000,174.78599548339844
2023-10-17,174.78599548339844,176.03905203817294,172.467364361049,174.29266779074965,57549400,173.49346923828125
2023-10-18,173.49346923828125,175.21025492862336,172.77321506438722,173.23694427289632,54764400,173.11859130859375
2023-10-19,173.11859130859375,175.46682130559762,172.8521900917514,173.69083828526382,59302900,170.57298278808594
2023-10-20,170.57298278808594,173.07908076842247,170.33618008275127,172.97054807703984,64244000,170.69139099121094
2023-10-23,170.69139099121094,171.68790756499885,167.6623515662161,168.62928473640696,55980100,171.12551879882812
2023-10-24,171.12551879882812,171.35244533043914,169.16206908920728,170.74072378645857,43816600,168.8167266845703
2023-10-25,168.8167266845703,170.75056262830392,168.37271975850888,169.5863166088348,57157000,164.66290283203125
2023-10-26,164.66290283203125,169.09299056011605,163.45918215856796,168.0964590692853,70625300,165.97518920898438
2023-10-27,165.97518920898438,166.70531969794123,164.60373866788856,164.68267291441106,58499100,168.017578125
2023-10-30,168.017578125,168.88583988422087,166.61652895772895,166.76453633314338,51131000,168.4911651611328
2023-10-31,168.4911651611328,168.61942013954004,165.65945361827133,167.09011614768582,44846000,171.64845275878906
2023-11-01,171.64845275878906,171.9049777602895,167.84982318964867,168.71808481806195,56934900,175.2003631591797
2023-11-02,175.2003631591797,175.40755231090867,173.11852017921794,173.17771707971193,77334800,174.29266357421875
2023-11-03,174.29266357421875,174.46040823420765,171.03671292563865,171.91483559510309,79829200,176.83824157714844
2023-11-06,176.83824157714844,177.0355696443862,173.85855313497558,174.02628274488598,63841300,179.3936767578125
2023-11-07,179.3936767578125,180.00539823599848,176.58170308551922,176.78889227095914,70530000,180.44940185546875
2023-11-08,180.44940185546875,181.00192645947115,179.16674685036813,179.91661457451394,49340300,179.97581481933594
2023-11-09,179.97581481933594,181.6629871195562,179.3838155582821,180.51847829944086,53763500,184.15487670898438
2023-11-10,184.15487670898438,184.32284238950194,181.31944959381738,181.75415237279827,66133400,182.5741424560547
2023-11-13,182.5741424560547,183.7893232540613,181.9912524470517,183.58186108306094,43627500,185.18234252929688
2023-11-14,185.18234252929688,185.8442707665973,184.05607409829287,185.43920547847273,60108400,185.7454833984375
2023-11-15,185.7454833984375,187.21754232445392,185.51825788469085,185.58742199648478,53790500,187.4250030517578
2023-11-16,187.4250030517578,188.65994715340477,186.37775779056014,187.28668991537342,54412900,187.40525817871094
2023-11-17,187.40525817871094,188.08694980194565,186.29875297867935,187.95851077872672,50922700,189.14402770996094
2023-11-20,189.14402770996094,189.598493753426,187.59294582194016,187.60281994734135,46505100,188.34378051757812
2023-11-21,188.34378051757812,189.21318592585277,187.45462685911554,189.10451024981845,38134500,189.00570678710938
2023-11-22,189.00570678710938,190.60618938615343,188.53149251239262,189.18354656200316,39617700,187.681884765625
2023-11-24,187.681884765625,188.6006760331266,186.9705556859451,188.5710385777235,24048300,187.5040283203125
2023-11-27,187.5040283203125,188.37343380166539,186.6247487130357,187.63246733233092,40552600,188.10667419433594
2023-11-28,188.10667419433594,188.77849160556613,187.11871894105684,187.49414676130317,38415400,187.0890655517578
2023-11-29,187.0890655517578,189.77630481775705,186.69388951411068,188.60063575450744,43014200,187.66209411621094
2023-11-30,187.66209411621094,188.02764780463457,185.92329832735996,187.55341843722022,48794400,188.9365692138672
2023-12-01,188.9365692138672,189.25270705783993,186.95076949469112,188.0375263099119,45704800,187.14834594726562
2023-12-04,187.14834594726562,187.7608884211111,185.19219887595256,187.69172432124148,43389500,191.09027099609375
2023-12-05,191.09027099609375,192.05846275973386,187.8892910892655,187.9189436108549,66628400,190.00355529785156
2023-12-06,190.00355529785156,192.4141533735728,189.79607806848605,192.10788966712872,41089700,191.93006896972656
2023-12-07,191.93006896972656,192.6512720749557,191.2582515665674,191.29777821822415,47477700,193.35272216796875
2023-12-08,193.35272216796875,193.62934842275146,191.33728508312288,191.86090014217592,53406400,190.85317993164062
2023-12-11,190.85317993164062,191.15945870925907,189.11438419177532,190.78403090604945,60943700,192.36476135253906
2023-12-12,192.36476135253906,192.3746354774224,189.41076991243543,190.75438957156285,52696900,195.5756378173828
2023-12-13,195.5756378173828,195.6151493963814,192.50309623143957,192.74019585543422,70404200,195.72381591796875
2023-12-14,195.72381591796875,197.21562292408947,193.79730618821,195.63490356313392,66831600,195.19032287597656
2023-12-15,195.19032287597656,196.01031245444227,194.62718115642724,195.1507962246044,128538400,193.53054809570312
2023-12-18,193.53054809570312,194.26164038796966,192.0486152607036,193.72813612536964,55751900,194.5679168701172
2023-12-19,194.5679168701172,194.5777909959987,193.53056080250687,193.79731295132126,40714100,192.4833221435547
2023-12-20,192.4833221435547,195.2989855460905,192.4833221435547,194.5283816611859,52242800,192.33514404296875
2023-12-21,192.33514404296875,194.7062459740887,191.1693639432951,193.73805393325773,46482500,191.26812744140625
2023-12-22,191.26812744140625,193.05632389177538,190.64571085868127,192.82908334808235,37149600,190.72476196289062
2023-12-26,190.72476196289062,191.55464074590694,190.5074106042434,191.27801448490152,28919300,190.8235626220703
2023-12-27,190.8235626220703,191.16935301152336,188.7883770898652,190.1715235726757,48087700,191.24839782714844
2023-12-28,191.24839782714844,192.3153914106068,190.8433325169925,191.80165040931152,34049900,190.21102905273438
2023-12-29,190.21102905273438,192.0585006042798,189.4206618129017,191.56452296375952,42672100,183.40402221679688
2024-01-02,183.40402221679688,186.17030008579113,181.6751004330507,184.89582930034302,82488700,182.03079223632812
2024-01-03,182.03079223632812,183.64116444890584,181.22066152877247,182.001154778735,58414500,179.71890258789062
2024-01-04,179.71890258789062,180.88468228380586,178.70131011603328,179.9560021463833,71983600,178.9977264404297
2024-01-05,178.9977264404297,180.55869755734878,177.99989705667167,179.79798286255345,62379700,183.32496643066406
2024-01-08,183.32496643066406,183.36449308108033,179.3138706884217,179.89676064456035,59144500,182.91004943847656
2024-01-09,182.91004943847656,182.9199235647891,180.52907347198328,181.70474272826013,42841800,183.9473876953125
2024-01-10,183.9473876953125,184.1548498527509,181.70472508990332,182.12955368013527,46792900,183.35462951660156
2024-01-11,183.35462951660156,184.7970509584636,181.40835627398752,184.2931840827093,49128400,183.68063354492188
2024-01-12,183.68063354492188,184.49076406507768,182.95943045197853,183.81894667336306,40477800,181.41822814941406
2024-01-16,181.41822814941406,182.04062970854807,178.7507369031224,179.96593271976667,65603000,180.47964477539062
2024-01-17,180.47964477539062,180.72663357001974,178.12832170152117,179.08663943068214,47317400,186.35801696777344
2024-01-18,186.35801696777344,186.86186875433015,183.59173905481111,183.84860201119264,78005800,189.25270080566406
2024-01-19,189.25270080566406,189.63800274105876,186.5457131326349,187.0495648712278,68903000,191.55462646484375
2024-01-22,191.55462646484375,192.97728431537942,189.94425472083472,189.98378136946042,60133900,192.82911682128906
2024-01-23,192.82911682128906,193.392258603415,191.49538615178406,192.67105542323813,42355600,192.1573028564453
2024-01-24,192.1573028564453,194.01466361551059,191.99922639290756,193.06621990928542,53631300,191.8312530517578
2024-01-25,191.8312530517578,193.9059649333701,190.78402298627717,192.86860899256396,54822100,190.1023712158203
2024-01-26,190.1023712158203,192.41418317249008,189.62815685740148,191.9300946873343,44594000,189.42063903808594
2024-01-29,189.42063903808594,189.8849791703456,187.2965414692382,189.6972652775173,47145600,185.7751007080078
2024-01-30,185.7751007080078,189.4898221386195,185.21197404804863,188.6401800108733,55859400,182.17892456054688
2024-01-31,182.17892456054688,184.84641553917146,182.129538862794,184.78712556686926,55467800,184.60931396484375
2024-02-01,184.60931396484375,184.6982263171025,181.6059367135455,181.77388729281213,64885400,183.6114959716797
2024-02-02,183.6114959716797,185.07366557426653,177.0909850527091,177.6936383802958,102551700,185.41943359375
2024-02-05,185.41943359375,186.97053056814926,183.60159955655655,185.88377376602236,69668800,187.01992797851562
2024-02-06,187.01992797851562,187.02980210381148,184.5204024536245,184.60931480628852,43490800,187.1286163330078
2024-02-07,187.1286163330078,188.74886241631054,186.33824908078662,188.3437971267345,53439000,186.05174255371094
2024-02-08,186.05174255371094,187.25703410679802,185.09342474162452,187.1088468471974,40962000,186.81344604492188
2024-02-09,186.81344604492188,187.9411516715375,185.97260641439556,186.61559077121817,45155200,185.13174438476562
2024-02-12,185.13174438476562,186.63535673641036,184.77562606711913,186.3880527684402,41781900,183.0445098876953
2024-02-13,183.0445098876953,184.2019058140478,181.53101071537256,183.76664838776776,56529500,182.1641082763672
2024-02-14,182.1641082763672,183.5292310959524,180.472557481369,183.3215042025078,54630500,181.87721252441406
2024-02-15,181.87721252441406,182.5004232912058,179.39428636951658,181.57055805003552,65434500,180.34396362304688
2024-02-16,180.34396362304688,182.8565806751117,179.71086599707365,181.44199396902647,49752500,179.60202026367188
2024-02-20,179.60202026367188,180.4626331892475,178.05884601330092,179.82953567385852,53665600,180.35385131835938
2024-02-21,180.35385131835938,180.91769653606136,178.71174929095213,179.9779444437335,41371400,182.3817596435547
2024-02-22,182.3817596435547,182.96540858894926,180.4923684458442,181.50135795637885,52292200,180.5517120361328
2024-02-23,180.5517120361328,183.04452553646294,180.26483093781445,183.01485026342843,45119700,179.2063751220703
2024-02-26,179.2063751220703,180.78911167382452,178.70186529911302,180.27473021897956,40867400,180.66053771972656
2024-02-27,180.66053771972656,181.936619822868,177.62363710554357,179.14703832319717,54318900,179.46356201171875
2024-02-28,179.46356201171875,181.145226165725,178.18748003378263,180.54180381169616,48953900,178.80079650878906
2024-02-29,178.80079650878906,180.60117691942332,177.59395175081718,179.3151930681472,136682600,177.72254943847656
2024-03-01,177.72254943847656,178.58316252471684,175.46713817545924,177.61373507516265,73563100,173.2117156982422
2024-03-04,173.2117156982422,174.99229230011673,171.9158301484072,174.25038035125658,81510100,168.285400390625
2024-03-05,168.285400390625,170.1846930657021,167.7907924514621,168.91849794898403,95132400,167.2962188720703
2024-03-06,167.2962188720703,169.39336722891997,166.86096138113473,169.21530048524656,68587700,167.17747497558594
2024-03-07,167.17747497558594,168.88881413208614,166.67298033709926,167.32585131213037,71765100,168.88882446289062
2024-03-08,168.88882446289062,171.82679686006907,167.11813466346086,167.1774852017091,76267000,170.88702392578125
2024-03-11,170.88702392578125,172.49945045781206,170.19457590701288,171.07497733678298,60139500,171.36184692382812
2024-03-12,171.36184692382812,172.15322257397557,169.16578666443067,171.28270784938988,59825400,169.28451538085938
2024-03-13,169.28451538085938,171.32229764254458,168.91849524765144,170.90682879160028,52488700,171.1343231201172
2024-03-14,171.1343231201172,172.43019332519782,170.19457118541428,171.04529732608134,72913500,170.75845336914062
2024-03-15,170.75845336914062,170.75845336914062,168.45357838204507,169.3240932528417,121752700,171.8466033935547
2024-03-18,171.8466033935547,175.79358063684148,171.6487632139381,173.67665901704393,75604200,174.18113708496094
2024-03-19,174.18113708496094,174.70542030322298,171.16402557801365,172.45989598897214,55215200,176.74319458007812
2024-03-20,176.74319458007812,176.74319458007812,173.20180001631465,173.82501083363408,53423100,169.52191162109375
2024-03-21,169.52191162109375,175.57592275278003,168.9976284397713,175.1406653733646,106181300,170.42210388183594
2024-03-22,170.42210388183594,171.18380430580046,168.22604350725265,169.90770741812418,71160100,169.00755310058594
2024-03-25,169.00755310058594,170.085794876263,167.6226416976105,168.73057383883838,54288300,167.8798370361328
2024-03-26,167.8798370361328,169.57138777241732,167.7512341389727,168.16670300567833,57388400,171.4409942626953
2024-03-27,171.4409942626953,171.72787530814264,168.27550660374618,168.57227437363676,60273300,169.63072204589844
2024-03-28,169.63072204589844,170.37263389978352,168.67118150733492,169.89781453968297,65672700,168.19638061523438
2024-04-01,168.19638061523438,169.40322523760474,167.65230884379906,169.3438746978549,46240500,167.0192108154297
2024-04-02,167.0192108154297,167.51381877100314,166.41578850586058,167.25662806803024,49329500,167.8204803466797
2024-04-03,167.8204803466797,168.83937157047524,166.7620271262386,166.9697540235435,47691700,166.99942016601562
2024-04-04,166.99942016601562,170.06598011820813,166.99942016601562,168.45355351894443,53704400,167.75123596191406
2024-04-05,167.75123596191406,168.5524984345705,167.12802510796487,167.7611226870966,42104800,166.63340759277344
2024-04-08,166.63340759277344,167.37531948329715,166.425680716199,167.20715459942008,37425500,167.8402557373047
2024-04-09,167.8402557373047,168.2458378687617,166.53449863101693,166.88071513080217,42373800,165.9706573486328
2024-04-10,165.9706573486328,167.26652787853376,165.30788444762385,166.97966188332379,49709300,173.15235900878906
2024-04-11,173.15235900878906,173.56784300454478,166.3465633103838,166.5246149420751,91070300,174.64610290527344
2024-04-12,174.64610290527344,176.43658160486194,172.3313408879349,172.38078961681583,101670900,170.82769775390625
2024-04-15,170.82769775390625,174.72521085075485,170.63974431610336,173.46890241983837,73531800,167.55337524414062
2024-04-16,167.55337524414062,171.88613013777277,166.45534511410173,169.89781183493915,73711200,166.18829345703125
2024-04-17,166.18829345703125,168.8097099054139,166.18829345703125,167.78093187309736,50901200,165.23861694335938
2024-04-18,165.23861694335938,166.8213684176903,164.75391081370103,166.21794611620325,43122900,163.22064208984375
2024-04-19,163.22064208984375,164.60553846988037,162.3105651694999,164.41760010663418,68149400,164.05157470703125
2024-04-22,164.05157470703125,165.4562595890904,162.993121456103,163.73503344203667,48116400,165.10012817382812
2024-04-23,165.10012817382812,165.24851961582092,163.14148491226467,163.56685559955991,49537800,167.197265625
2024-04-24,167.197265625,167.4742448528629,164.41757152765254,164.7439994721628,48251800,168.05787658691406
2024-04-25,168.05787658691406,168.77011319134087,166.33663561051003,167.70175828470067,50558300,167.4742431640625
2024-04-26,167.4742431640625,169.49223681731962,167.35552700029277,168.04799015720317,44838400,171.6289520263672
2024-04-29,171.6289520263672,174.1316669492416,171.2332717193323,171.50034913417457,68169400,168.4931640625
2024-04-30,168.4931640625,173.1029142716877,168.1667209693098,171.46081207960546,65934800,167.4742431640625
2024-05-01,167.4742431640625,170.84747276952126,167.28628974114312,167.75122238913238,50383100,171.1640167236328
2024-05-02,171.1640167236328,171.5498103000238,169.04709541575278,170.64962025703286,94214900,181.40240478515625
2024-05-03,181.40240478515625,184.98336128032037,180.69016817589636,184.63712970012278,163224100,179.75039672851562
2024-05-06,179.75039672851562,182.21353423301102,178.4742999855442,180.38349419120223,78569700,180.43296813964844
2024-05-07,180.43296813964844,182.9060078076493,179.36462828599997,181.47164781905605,77305800,180.7693328857422
2024-05-08,180.7693328857422,181.09577596912635,179.49323582394607,180.87814724687024,45057100,182.57960510253906
2024-05-09,182.57960510253906,182.6686309202814,180.1461270912472,180.59127127419717,48983000,181.32159423828125
2024-05-10,181.32159423828125,183.34232534295325,180.41028294678514,183.15411695720846,50759500,184.5210723876953
2024-05-13,184.5210723876953,185.3333368917867,182.87674310968822,183.68900761377958,72044800,185.66021728515625
2024-05-14,185.66021728515625,186.52201273815805,184.53098214319476,185.7394637127145,52393600,187.9285888671875
2024-05-15,187.9285888671875,188.849800179078,185.6007724639543,186.13568203158255,70400000,188.04745483398438
2024-05-16,188.04745483398438,189.29556710780693,187.86916171755817,188.67151097089564,52845200,188.0771942138672
2024-05-17,188.0771942138672,189.00832091255782,187.39370695143634,187.72059282106466,41282900,189.2361297607422
2024-05-20,189.2361297607422,190.10782534306233,187.22529890901677,187.54228461702792,44361300,190.5337677001953
2024-05-21,190.5337677001953,190.91016932460286,189.11726241831752,189.28565540299905,42309400,189.0974578857422
2024-05-22,189.0974578857422,190.99934196064652,188.47341681604038,190.45453220558076,34648500,185.11541748046875
2024-05-23,185.11541748046875,189.19651013997458,184.86777806929078,189.1766947549615,51005900,188.18612670898438
2024-05-24,188.18612670898438,188.7804673088457,186.26444256610336,187.0370913918068,36327000,188.196044921875
2024-05-28,188.196044921875,191.1776178733189,187.31444925751387,189.70168159973719,52280100,188.4932098388672
2024-05-29,188.4932098388672,190.43470949642946,187.72057607583483,187.81963788738682,53068000,189.4837646484375
2024-05-30,189.4837646484375,190.36536034504638,188.83000809203267,188.9587703074631,49889100,190.43472290039062
2024-05-31,190.43472290039062,190.7517086279001,188.11682144814546,189.6323735603605,75158300,192.19790649414062
2024-06-03,192.19790649414062,193.14884852262287,190.7021698304424,191.07857147290113,50080500,192.514892578125
2024-06-04,192.514892578125,193.47573474401025,191.20734917579057,192.80214765697744,47471400,194.02052307128906
2024-06-05,194.02052307128906,195.04079624688396,193.02996541617088,193.5549597642067,54156800,192.64366149902344
2024-06-06,192.64366149902344,194.64459232913165,192.33659102362645,193.84224299284628,41181800,195.0308837890625
2024-06-07,195.0308837890625,195.08041469163098,192.30685040959915,192.81202934049514,53103900,191.29649353027344
2024-06-10,191.29649353027344,195.43703247512377,190.33565137548777,195.04080033594326,97010200,205.19398498535156
2024-06-11,205.19398498535156,205.20390023400174,191.80165814772772,191.82145841561143,172373300,211.05810546875
2024-06-12,211.05810546875,218.12077055688877,204.94635205432962,205.4119153142898,198134300,212.21707153320312
2024-06-13,212.21707153320312,214.70336573665497,209.60200000148347,212.71235034689784,97862700,210.48358154296875
2024-06-14,210.48358154296875,213.13826855094433,209.30481562722255,211.8307404302917,70122700,214.62413024902344
2024-06-17,214.62413024902344,216.88260054537645,210.71143044440285,211.35528688913016,93728300,212.2666015625
2024-06-18,212.2666015625,216.56563344094587,210.9887887879192,215.53544497511416,79943300,207.7001190185547
2024-06-20,207.7001190185547,212.2170745602359,206.87796947703916,211.90998899500866,86172500,205.5308074951172
2024-06-21,205.5308074951172,209.88925500861833,205.1543907600995,208.40341856791886,241805100,206.1746826171875
2024-06-24,206.1746826171875,210.69162338847192,204.63931513285507,205.75865018980198,80727000,207.0959014892578
2024-06-25,207.0959014892578,209.3840873125504,206.64023830581658,207.1751328027417,55549700,211.2364044189453
2024-06-26,211.2364044189453,212.8312027309874,208.65104852463386,209.5029286499739,66213200,212.07839965820312
2024-06-27,212.07839965820312,213.70291360533915,210.34492376459474,212.66282504623206,49772700,208.6312255859375
2024-06-28,208.6312255859375,214.0297763055812,208.3142550307382,213.73260601871965,82542700,214.703369140625
2024-07-01,214.703369140625,215.4561875080808,209.91897391071575,210.0873668962765,60402900,218.1901092529297
2024-07-02,218.1901092529297,218.29907118476316,213.06892868617263,214.109001990837,58046200,219.45803833007812
2024-07-03,219.45803833007812,219.45803833007812,216.96182895702523,217.92267103394255,37369800,224.20281982421875
2024-07-05,224.20281982421875,224.3117817727132,219.55710192478037,219.55710192478037,60412400,225.66883850097656
2024-07-08,225.66883850097656,225.69855401964364,221.14198303770854,224.94572057418634,59085900,226.5207061767578
2024-07-09,226.5207061767578,227.23390886254342,224.23252052432466,225.77778797195694,48076100,230.7801055908203
2024-07-10,230.7801055908203,230.8791673967792,227.0853299721382,227.13486087511765,62627700,225.42120361328125
2024-07-11,225.42120361328125,230.19568345608255,223.63819688403007,229.2051258414663,64710600,228.36314392089844
2024-07-12,228.36314392089844,230.44332094014862,226.5207061684713,226.7584454352943,53046500,232.1866912841797
2024-07-15,232.1866912841797,234.98997105632398,230.88906326950251,234.24705286947437,62631300,232.60276794433594
2024-07-16,232.60276794433594,234.03907359612094,230.13627381333595,232.78106107648213,43234300,226.7188262939453
2024-07-17,226.7188262939453,229.27446669281912,224.49997184852458,227.28343626123907,57345900,222.06320190429688
2024-07-18,222.06320190429688,228.26410233218343,220.17124832102243,228.10560948409145,66034600,222.1919708251953
2024-07-19,222.1919708251953,224.65846466815103,221.17169771561296,222.6971648700337,49151500,221.8452911376953
2024-07-22,221.8452911376953,225.62921338494564,220.98349573063444,224.86647978572938,48201800,222.88536071777344
2024-07-23,222.88536071777344,224.7971447504236,220.57735968997056,222.25140445670337,39960300,216.47647094726562
2024-07-24,216.47647094726562,222.67737176080064,215.07979609138368,221.88492258576645,61777600,215.43638610839844
2024-07-25,215.43638610839844,218.76466037633443,212.59347540961954,216.86277641061952,51391200,215.90196228027344
2024-07-26,215.90196228027344,217.41751434744816,213.97036267942912,216.6349653026102,41601300,216.17930603027344
2024-07-29,216.17930603027344,217.22929471632008,213.71281205128278,214.91139345300462,36311800,216.73403930664062
2024-07-30,216.73403930664062,218.2495914590453,214.07933666984098,217.12035622559256,41643800,219.98306274414062
2024-07-31,219.98306274414062,221.70663863761098,218.54675705693774,219.34910640080292,50036300,216.2981414794922
2024-08-01,216.2981414794922,222.36034868782315,214.9707980252656,222.25138675562792,62501000,217.78399658203125
2024-08-02,217.78399658203125,223.46980270062375,215.65430376795194,217.08069402896655,105568600,207.29400634765625
2024-08-05,207.29400634765625,211.4840610296135,194.14930192882554,197.21012147966275,119548600,205.2732696533203
2024-08-06,205.2732696533203,208.00721860156926,199.17144565753833,203.36150053141452,69660500,207.8388214111328
2024-08-07,207.8388214111328,211.62274392073394,204.4412006806638,204.94637966039352,63516400,211.29586791992188
2024-08-08,211.29586791992188,212.1774636990054,206.85817350164743,211.0977593959716,47161100,214.1981964111328
2024-08-09,214.1981964111328,214.7330909034816,209.96851092003678,210.09728825409005,42201600,215.7254180908203
2024-08-12,215.7254180908203,217.68898821235913,213.81143620679725,214.27753840147545,38028100,219.43438720703125
2024-08-13,219.43438720703125,220.04923895369578,217.19312608520667,217.19312608520667,44155300,219.8806610107422
2024-08-14,219.8806610107422,221.17979111862692,217.8774142480331,218.7402072098891,41960600,222.85577392578125
2024-08-15,222.85577392578125,223.48055242779947,220.9120269929499,222.73677426147512,46414000,224.17474365234375
2024-08-16,224.17474365234375,224.94827173921567,221.7946444270254,222.0624088054674,44340200,224.0160369873047
2024-08-19,224.0160369873047,224.1152134494971,221.18967426906008,223.84744910734045,40687800,224.63088989257812
2024-08-20,224.63088989257812,225.28541822928474,223.57968596937246,223.8970385443346,30299000,224.52182006835938
2024-08-21,224.52182006835938,226.08871448701353,223.1830285060583,224.64083485973637,34765500,222.66734313964844
2024-08-22,222.66734313964844,226.4457337259973,222.04256465043304,225.90029338876204,43695300,224.95816040039062
2024-08-23,224.95816040039062,226.32671693712516,222.46898849072514,223.78795679469894,38677300,225.29534912109375
2024-08-26,225.29534912109375,225.39452559231563,222.0326490158817,224.87883517993083,30602200,226.1383056640625
2024-08-27,226.1383056640625,226.95151036486342,223.02435510684418,224.12514736512034,35934600,224.61106872558594
2024-08-28,224.61106872558594,227.95310672511408,223.8077756875659,226.0291983356657,38052200,227.88369750976562
2024-08-29,227.88369750976562,230.98773644426686,226.98125820388418,228.19113851748892,51906300,227.10023498535156
2024-08-30,227.10023498535156,228.48861464853783,225.5928405423183,228.2803652651616,52990800,220.9219512939453
2024-09-03,220.9219512939453,227.10026429068756,219.335218503661,226.65400042223428,50190600,219.0178680419922
2024-09-04,219.0178680419922,219.94014563997789,215.67581475954933,219.82114598403248,43840200,220.53517150878906
2024-09-05,220.53517150878906,223.60944526365165,219.6823053430495,219.79139340374425,36615400,218.98814392089844
2024-09-06,218.98814392089844,223.3714749735505,217.94685141211724,222.09216799264019,48423000,219.077392578125
2024-09-09,219.077392578125,219.4344067184307,214.91223769602945,218.98814282610013,67180000,218.28399658203125
2024-09-10,218.28399658203125,219.6426263973432,214.93203178151688,217.1038662465979,51591000,220.81288146972656
2024-09-11,220.81288146972656,221.23930705217748,216.08244775598524,219.62283934479092,44587100,220.9219512939453
2024-09-12,220.9219512939453,221.69547936785247,217.9964268983011,220.6541869199912,37455600,220.65420532226562
2024-09-13,220.65420532226562,222.18142327621288,220.06910342078112,221.7252477752003,36766600,214.5254669189453
2024-09-16,214.5254669189453,215.4179946756504,212.14536768072225,214.74362792854853,59357400,214.99154663085938
2024-09-17,214.99154663085938,215.1006346980314,212.72055067344832,213.96018092212807,45519300,218.8592071533203
2024-09-18,218.8592071533203,220.86245391858552,215.7353297749969,215.7452565018275,59894900,226.97134399414062
2024-09-19,226.97134399414062,227.91347512552952,222.76652771175563,223.12354184254357,66781300,226.306884765625
2024-09-20,226.306884765625,231.1563174701668,225.73169454082358,228.0622053540531,318679900,224.5912628173828
2024-09-23,224.5912628173828,227.54653724680347,223.93673438033483,225.45404067299683,54146000,225.48377990722656
2024-09-24,225.48377990722656,227.44736512534206,223.85738561877668,226.75316007712865,43556100,224.49205017089844
2024-09-25,224.49205017089844,225.40441611848388,222.16155463706056,223.0639938591287,42308700,225.632568359375
2024-09-26,225.632568359375,226.6044343440515,223.5400716645202,225.41439220107114,36636700,225.90028381347656
2024-09-27,225.90028381347656,227.61594290444046,225.41435845997736,226.56473891662026,34026000,231.06707763671875
2024-09-30,231.06707763671875,231.06707763671875,227.74486252768645,228.13162655878588,54541900,224.33340454101562
2024-10-01,224.33340454101562,227.74485413807125,221.88389405688537,227.615942887257,63285000,224.898681640625
2024-10-02,224.898681640625,225.48378349827837,221.16987922367838,224.0160654907427,32880600,223.79786682128906
2024-10-03,223.79786682128906,224.92840891217833,221.4673712198949,223.27226484855484,34044200,224.91851806640625
2024-10-04,224.91851806640625,226.10856009308668,222.27066963907552,226.00938361911108,37245100,219.8509063720703
2024-10-07,219.8509063720703,223.81772316941647,219.49389225502094,222.63759275105315,39505400,223.89707946777344
2024-10-08,223.89707946777344,224.10532889247753,221.39798044587943,222.43927296601913,31855700,227.6357879638672
2024-10-09,227.6357879638672,227.84405251552317,222.96486939830248,223.36154504729694,33591100,227.1399383544922
2024-10-10,227.1399383544922,227.59612897487835,225.28545621996582,225.89039642732237,28183500,225.6623077392578
2024-10-11,225.6623077392578,227.5068782710055,225.45404318616428,227.39779019694814,31759200,229.38116455078125
2024-10-14,229.38116455078125,229.80759005626183,226.703566469934,226.80272780199272,39882100,231.91004943847656
2024-10-15,231.91004943847656,235.51985237359267,230.4423162246621,231.67203496624026,64751400,229.857177734375
2024-10-16,229.857177734375,230.1943535005289,227.93326933706737,229.67867825777722,34082200,230.22412109375
2024-10-17,230.22412109375,231.91003031839952,228.60765355789445,231.49350124327563,32993800,233.05047607421875
2024-10-18,233.05047607421875,234.2206797118992,232.0686835146529,234.2206797118992,46431500,234.5181884765625
2024-10-21,234.5181884765625,234.8851292946414,232.5050303027995,232.5050303027995,36254500,233.90333557128906
2024-10-22,233.90333557128906,234.26034966164363,230.67038557078126,231.9496772340994,38846600,228.84564208984375
2024-10-23,228.84564208984375,233.18931106897517,225.87052966736016,232.1381071008503,52287000,228.65724182128906
2024-10-24,228.65724182128906,228.90516786821388,226.51515714412935,228.07212485007065,31109500,229.4902801513672
2024-10-25,229.4902801513672,231.28526239164006,227.6655479946858,227.83413589840254,38802300,231.46376037597656
2024-10-28,231.46376037597656,232.78272881287972,230.62082086290692,231.38443735420992,36087100,231.7315216064453
2024-10-29,231.7315216064453,232.38605001867157,230.3927299983884,231.1662580738538,35417200,228.191162109375
2024-10-30,228.191162109375,231.53320070866118,227.64572172599728,230.68033441798144,47070900,224.035888671875
2024-10-31,224.035888671875,227.92336713292326,223.5003599556127,227.43742665071557,64370100,221.060791015625
2024-11-01,221.060791015625,223.4805517303345,218.44269248362247,219.13688241025088,65276700,220.1682586669922
2024-11-04,220.1682586669922,220.94178678396568,217.88735096075072,219.1567312107691,44944500,221.59628295898438
2024-11-05,221.59628295898438,222.0921350198155,219.30544885909725,219.9599772111233,28111300,220.87234497070312
2024-11-06,220.87234497070312,224.19455985797964,219.3550388628842,220.76325691115125,54561100,225.59286499023438
2024-11-07,225.59286499023438,225.9895557457087,222.7070172967094,222.7665171269793,42137700,225.32481384277344
2024-11-08,225.32481384277344,227.01256271730918,224.77877343219782,225.53329235935942,38328800,222.61447143554688
2024-11-11,222.61447143554688,224.07388164377818,219.90414468405433,223.37892800863307,42005600,222.61447143554688
2024-11-12,222.61447143554688,223.96467356190874,221.75074442821315,222.9321731823864,40398300,223.49806213378906
2024-11-13,223.49806213378906,225.01703765642938,221.15506473467502,222.39605879884869,48566200,226.57574462890625
2024-11-14,226.57574462890625,227.22105551450989,223.3789425502784,223.398802697962,44923900,223.3789520263672
2024-11-15,223.3789520263672,225.2851172657963,222.65421566813873,224.76885944610046,47923700,226.37716674804688
2024-11-18,226.37716674804688,228.08477571151616,223.54769435597734,223.62711979019133,44633700,226.63531494140625
2024-11-19,226.63531494140625,228.501774994788,225.02699136706502,225.34467799276683,36211800,227.35009765625
2024-11-20,227.35009765625,228.2733899080337,224.2625040209905,226.4168677573381,35169600,226.8735809326172
2024-11-21,226.8735809326172,228.50176458087773,224.0838286281757,227.230987838277,42108300,228.21383666992188
2024-11-22,228.21383666992188,229.05771868234922,226.4168797117104,226.4168797117104,38168300,231.19223022460938
2024-11-25,231.19223022460938,231.5694972757357,228.08479132337303,229.79240040372403,90152800,233.366455078125
2024-11-26,233.366455078125,233.87279036398945,231.6489234928732,231.6489234928732,45986200,233.2373809814453
2024-11-27,233.2373809814453,233.99191506726265,232.12545514826604,232.78070364946953,33498400,235.6201171875
2024-11-29,235.6201171875,236.09665470361549,232.28432427698263,233.11826871739834,28481400,237.8638153076172
2024-12-02,237.8638153076172,239.0551666028684,235.45133007089746,235.5605381566453,48137100,240.9017791748047
2024-12-03,240.9017791748047,241.01098726633802,237.1787967118795,238.08224409194108,38861000,241.25917053222656
2024-12-04,241.25917053222656,242.35125137710352,239.51185632927692,241.12017980186528,44383900,241.28895568847656
2024-12-05,241.28895568847656,242.77814859306412,240.38552350615552,242.2321233137982,40033900,241.09039306640625
2024-12-06,241.09039306640625,242.86750503393802,240.33587413565135,241.15989600483465,36870600,244.97222900390625
2024-12-09,244.97222900390625,245.45870413211114,240.0082527322972,240.08767817050534,44649200,245.98487854003906
2024-12-10,245.98487854003906,246.4217108653419,243.57237825215392,245.11121388943334,36914800,244.71412658691406
2024-12-11,244.71412658691406,248.99307203962232,244.48577275361333,246.17353693536344,45205800,246.17352294921875
2024-12-12,246.17352294921875,246.9479020514793,243.9099357862414,245.11122473397327,32777500,246.34228515625
2024-12-13,246.34228515625,247.49391610940148,244.46590277835176,246.0345210589055,33155300,249.23129272460938
2024-12-16,249.23129272460938,249.56885459541954,245.86571770543418,246.20327957624434,51694800,251.6537322998047
2024-12-17,251.6537322998047,252.0012166921119,247.98039295462073,248.2782345553336,51356400,246.2628631591797
2024-12-18,246.2628631591797,252.44797328398425,245.95509905753715,250.34325221557475,56774100,247.9903106689453
2024-12-19,247.9903106689453,250.18439476471843,245.30976661195103,245.71681628677703,60882300,252.65647888183594
2024-12-20,252.65647888183594,253.16279902630112,243.919877297432,246.2529371403228,147495300,253.4308319091797
2024-12-23,253.4308319091797,253.8080837794399,251.6239373953799,252.9344343151273,40858800,256.3397521972656
2024-12-24,256.3397521972656,256.34965954757746,253.45069916161225,253.64927033575188,23234700,257.1537780761719
2024-12-26,257.1537780761719,258.2260137599804,255.77380863027113,256.329771467171,27237100,253.74853515625
2024-12-27,253.74853515625,256.836144148833,251.2367643772991,255.97238682838486,42355300,250.38296508789062
2024-12-30,250.38296508789062,251.67360197393796,248.9434149702759,250.4127477342041,35557500,248.61578369140625
2024-12-31,248.61578369140625,251.45517870098834,247.63291094425557,250.62123433005314,39480700,242.0931396484375
2025-01-02,242.0931396484375,247.3053149666319,240.07776640397734,247.1365264348607,55740700,241.60665893554688
2025-01-03,241.60665893554688,242.42074318433572,240.14724866814672,241.60665893554688,40244100,243.23484802246094
2025-01-06,243.23484802246094,245.54806288478193,241.4478134561986,242.5498168429892,45045600,240.46493530273438
2025-01-07,240.46493530273438,243.78086767976055,239.6111308132576,241.22937670987722,40856000,240.951416015625
2025-01-08,240.951416015625,241.9541489627904,238.32051453305579,240.17703689438372,37628900,235.14356994628906
2025-01-10,235.14356994628906,238.4297199246896,231.32130202918376,238.28079154222544,61710900,232.7112274169922
2025-01-13,232.7112274169922,232.97928640713008,228.06495238182922,231.84750029737077,49630700,231.59927368164062
2025-01-14,231.59927368164062,234.41880854341963,230.7951119565212,233.05868390458076,39435300,236.1562042236328
2025-01-15,236.1562042236328,237.2383625727966,232.74098609709984,232.94947976770305,39832000,226.6154327392578
2025-01-16,226.6154327392578,236.29518618874627,226.38709407905125,235.63995285298606,71759100,228.3230438232422
2025-01-17,228.3230438232422,230.61639839146835,226.83385097126646,230.44762501944012,68488300,221.03594970703125
2025-01-21,221.03594970703125,222.80312416686704,217.79944241349193,222.38615194982364,98070400,222.21734619140625
2025-01-22,222.21734619140625,222.50525012711904,218.20644519467228,218.20644519467228,64126500,222.04859924316406
2025-01-23,222.04859924316406,225.394314538592,220.69839703644928,223.1208199792776,60234800,221.17494201660156
2025-01-24,221.17494201660156,224.00441476166836,219.8148172645265,223.16053267311034,54697900,228.20391845703125
2025-01-27,228.20391845703125,230.47741293083342,222.36627749626697,222.4059977899183,94863400,236.54339599609375
2025-01-28,236.54339599609375,238.4594987479956,229.147074251248,229.18679454547646,75707600,237.63548278808594
2025-01-29,237.63548278808594,238.13188043636077,232.32402189200354,232.43322998057818,45486100,235.8782196044922
2025-01-30,235.8782196044922,239.05516137192973,235.50096771104396,236.95044029141235,55658300,234.29969787597656
2025-01-31,234.29969787597656,245.4090800423025,231.7581442550369,245.4090800423025,100959800,226.36724853515625
2025-02-03,226.36724853515625,230.15973381299622,224.0738938399255,228.33299411580026,73063300,231.12277221679688
2025-02-04,231.12277221679688,231.45039651675455,225.01707141571288,225.61275471542785,45067300,230.79513549804688
2025-02-05,230.79513549804688,230.9936915376493,226.62539807097704,226.8835194075747,39620300,231.5397186279297
2025-02-06,231.5397186279297,232.11554171369926,228.7698112868805,229.62361584180033,29925300,225.989990234375
2025-02-07,225.989990234375,232.31409120281862,225.62264568638093,230.9241838961893,39707200,226.2583465576172
2025-02-10,226.2583465576172,229.18037646801733,225.8111004860379,228.16662274990708,33115600,231.19796752929688
2025-02-11,231.19796752929688,233.79201296403912,226.7354250213283,226.8049892187756,53718400,235.42196655273438
2025-02-12,235.42196655273438,235.51142789245534,229.26980470124647,229.78663009476247,45243300,240.05348205566406
2025-02-13,240.05348205566406,240.85852795215618,234.1299251101732,235.4617298072221,53614100,243.10470581054688
2025-02-14,243.10470581054688,244.04889519264196,239.51677402617887,239.77517912233392,40896200,242.9755096435547
2025-02-18,242.9755096435547,243.6811607859394,240.36158248040348,242.6574585849239,48822500,243.37306213378906
2025-02-19,243.37306213378906,244.50609250836237,241.6735241546838,243.16435439309654,32204200,244.32720947265625
2025-02-20,244.32720947265625,245.2713989598738,242.7966152101895,243.44265077076676,32316900,244.0489044189453
2025-02-21,244.0489044189453,247.1697083342209,243.72091995824803,244.44645306890683,53197400,245.5894317626953
2025-02-24,245.5894317626953,247.33866705271078,242.92580728065096,243.43268408373555,51326400,245.52980041503906
2025-02-25,245.52980041503906,248.47171215983582,243.41283173998391,246.48393846255715,48013300,238.890625
2025-02-26,238.890625,243.48237703128345,237.66814851741972,242.83635669602367,44433600,235.84933471679688
2025-02-27,235.84933471679688,240.97779411500133,235.61079643123784,237.94643641845556,41153600,240.361572265625
2025-02-28,240.361572265625,240.61004395755495,228.79273089598732,235.50146657809572,56833400,236.5748748779297
2025-03-03,236.5748748779297,242.5381957053339,234.66661403302143,240.31188380351972,47184000,234.4877166748047
2025-03-04,234.4877166748047,238.60242278275774,233.24535811530478,236.25684921580154,53798100,234.29888916015625
2025-03-05,234.29888916015625,235.1039350742086,227.82867612475383,233.98083809185871,47227600,233.8914031982422
2025-03-06,233.8914031982422,236.4059358119138,231.73467047090975,233.00684447444675,45170400,237.60853576660156
2025-03-07,237.60853576660156,239.89446338205195,233.32487071745646,233.67273718007357,46273600,226.08937072753906
2025-03-10,226.08937072753906,234.71631625547707,222.84930513729455,234.10009611136832,72071200,219.48995971679688
2025-03-11,219.48995971679688,224.4593937721428,216.1206840338927,222.4418047589131,76137400,215.653564453125
2025-03-12,215.653564453125,220.39440897367027,213.5962265598192,218.7942505386503,62547500,208.39817810058594
2025-03-13,208.39817810058594,215.5144112677834,207.14588618522245,214.6298526174969,61368300,212.1848907470703
2025-03-14,212.1848907470703,212.64207016591416,208.29878985935505,209.95857893569573,60107600,212.69178771972656
2025-03-17,212.69178771972656,213.9043309003415,208.68642489319868,212.00600336087763,48073400,211.38978576660156
2025-03-18,211.38978576660156,213.83473880015984,210.19712464056028,212.85080057479257,42432400,213.92420959472656
2025-03-19,213.92420959472656,217.4226803637017,212.443312738742,212.91044076829724,54385400,212.79116821289062
2025-03-20,212.79116821289062,216.16044383082547,210.9226561911479,212.6818400591608,48862900,216.93568420410156
2025-03-21,216.93568420410156,217.5021918152461,209.9884097524224,210.26669685360034,94127800,219.38063049316406
2025-03-24,219.38063049316406,220.1260455978378,217.24377992596973,219.64898417718916,44299500,222.38217163085938
2025-03-25,222.38217163085938,222.7300380772677,218.73460889257407,219.42039321145907,34493600,220.1757354736328
2025-03-26,220.1757354736328,223.64440576884627,219.12221792138408,222.1436270366165,34466100,222.48158264160156
2025-03-27,222.48158264160156,223.61461307047793,219.21168633594712,220.03661426059983,37094800,216.56793212890625
2025-03-28,216.56793212890625,222.44180687800483,216.34927581514728,220.31488968867507,39818600,220.77206420898438
2025-03-31,220.77206420898438,224.24071919109113,214.90812340211858,215.6833538383521,65299300,221.82562255859375
2025-04-01,221.82562255859375,222.31261744007998,217.56183920876018,218.46627993939285,36412700,222.52134704589844
2025-04-02,222.52134704589844,223.81340310480923,219.66889637265393,219.96706548863506,35905900,201.9478759765625
2025-04-03,201.9478759765625,206.22159255986557,200.01973301812973,204.2835010267849,103419000,187.2283935546875
2025-04-04,187.2283935546875,198.65809134675584,186.19474282689396,192.70470416765195,125910900,180.3507080078125
2025-04-07,180.3507080078125,192.96311894309866,173.55251067175698,176.11674047268428,160466300,171.365966796875
2025-04-08,171.365966796875,189.17641711488596,168.175598539417,185.55866963100107,120859500,197.6343994140625
2025-04-09,197.6343994140625,199.38363475051753,170.83920418374143,170.89883496621582,184395900,189.2559356689453
2025-04-10,189.2559356689453,193.5892830219747,181.88129692496375,187.9141974958541,121880000,196.93865966796875
2025-04-11,196.93865966796875,198.32016168749274,184.92257212057936,184.96233608452022,87435900,201.28196716308594
2025-04-14,201.28196716308594,211.63826622013798,199.9302804535287,210.14743595954587,101352900,200.90428161621094
2025-04-15,200.90428161621094,202.26590170954893,198.57859009217825,200.6259945192588,51343900,193.08238220214844
2025-04-16,193.08238220214844,199.4730666932086,191.19398828729797,197.1473753495745,59732400,195.7758331298828
2025-04-17,195.7758331298828,197.61452992177487,193.2314851467638,195.9944894564487,52164700,191.9792022705078
2025-04-21,191.9792022705078,192.6152892965427,188.64967500212322,192.0885304389909,46742500,198.5189666748047
2025-04-22,198.5189666748047,200.3576482646354,194.77200897005906,194.92108593270402,52976400,203.3492431640625
2025-04-23,203.3492431640625,206.7284521815966,201.56024391015845,204.74067860292737,52929200,207.09620666503906
2025-04-24,207.09620666503906,207.5534013078127,201.69940812530302,203.6374845300284,47311000,208.00064086914062
2025-04-25,208.00064086914062,208.46776890662989,204.9394675201618,205.10842646651815,38222300,208.85536193847656
2025-04-28,208.85536193847656,210.2070485309222,206.19175271644127,208.71621839949725,38743100,209.9188690185547
2025-04-29,209.9188690185547,210.9425713620398,207.0962185596575,207.41426966255176,36827600,211.20094299316406
2025-04-30,211.20094299316406,212.2743425468257,205.40658118436113,208.02050829648644,52286500,212.01596069335938
2025-05-01,212.01596069335938,213.2483707428857,207.62296725165953,207.80187477964563,57365700,204.09466552734375
2025-05-02,204.09466552734375,205.72463931330321,200.92416412992952,204.83013207172814,101010600,197.67416381835938
2025-05-05,197.67416381835938,202.8523212109494,196.99832800962005,201.85843431656065,69018500,197.2964630126953
2025-05-06,197.2964630126953,199.42338015596502,195.81558138809015,196.9983091053983,51216500,195.05027770996094
2025-05-07,195.05027770996094,198.22077891807172,192.0686174137577,197.95242524507105,68536700,196.28271484375
2025-05-08,196.28271484375,198.82706269335065,193.48988012199126,196.51130456752412,50478900,197.3163604736328
2025-05-09,197.3163604736328,199.3140676367793,196.33240700583877,197.78348851905432,36453900,209.77613830566406
2025-05-12,209.77613830566406,210.25384054136518,205.75557652693038,209.95528044040137,63775800,211.9058380126953
2025-05-13,211.9058380126953,212.3735786127325,207.99474788922345,209.4178625594749,51909300,211.3087158203125
2025-05-14,211.3087158203125,212.9109724892217,209.56713314477625,211.40822571910564,49325800,210.43296813964844
2025-05-15,210.43296813964844,211.93571508448807,208.53215118256114,209.9353730316401,45029500,210.24386596679688
2025-05-16,210.24386596679688,211.54757782116647,208.7610423595207,211.33858120774948,54737900,207.7758026123047
2025-05-19,207.7758026123047,208.47243269467637,203.2775387890809,206.90999202317107,46140500,205.8650360107422
2025-05-20,205.8650360107422,207.46729276724128,204.04383620537516,206.67113760639387,42496600,201.11798095703125
2025-05-21,201.11798095703125,206.04416933851562,199.74462882701684,204.1831685508297,59211800,200.39149475097656
2025-05-22,200.39149475097656,201.77480849030061,198.7394754118135,199.7446272097534,46742400,194.33079528808594
2025-05-23,194.33079528808594,196.74910019358438,192.5295034494263,192.7384848883374,78432900,199.2470245361328
2025-05-27,199.2470245361328,199.77447409530296,196.48038197740732,197.34620772495165,56288500,199.45602416992188
2025-05-28,199.45602416992188,201.75491117265972,198.93852099816252,199.6252046868552,45339700,198.98826599121094
2025-05-29,198.98826599121094,202.8297005493605,197.55518975609246,202.60081106845576,51396800,199.88394165039062
2025-05-30,199.88394165039062,200.98860329086406,195.83351057352263,198.4110493394953,70819900,200.7298583984375
2025-06-02,200.7298583984375,201.15779807678393,199.15745607510846,199.31669015009302,35423300,202.29229736328125
2025-06-03,202.29229736328125,202.78989241693247,199.99341064507593,200.38153417950807,46381600,201.84446716308594
2025-06-04,201.84446716308594,205.24801554678163,201.1279290627925,201.9340306292736,43604000,199.66500854492188
2025-06-05,199.66500854492188,203.76518718349973,199.18730633012683,202.52119947175674,55126100,202.9391632080078
2025-06-06,202.9391632080078,204.71060036976428,201.0781625818177,202.023590138985,46607700,200.48106384277344
2025-06-09,200.48106384277344,205.0091823144686,199.05794913802782,203.40692547634254,72862600,201.69517517089844
2025-06-10,201.69517517089844,203.36710243054736,199.60528507808198,199.63513956616538,54672600,197.8238983154297
2025-06-11,197.8238983154297,203.51638723180633,197.45568281643992,202.5211970741936,60989900,198.24188232421875
2025-06-12,198.24188232421875,198.71956936233477,196.4107360236097,198.12246436103902,43904600,195.50511169433594
2025-06-13,195.50511169433594,199.40625545491926,194.7587190445596,198.769334334526,51447300,197.4656219482422
2025-06-16,197.4656219482422,197.73432753277095,195.61456771612566,196.35101387226533,43020700,194.6990203857422
2025-06-17,194.6990203857422,197.43579358003367,194.27109586617135,196.2515147499311,38856200,195.6344757080078
2025-06-18,195.6344757080078,196.6197193940347,194.13174409281177,194.9975546383106,45394700,200.03323364257812
2025-06-20,200.03323364257812,200.72986375748766,195.9131467510872,197.28651411005004,96813500,200.53082275390625
2025-06-23,200.53082275390625,201.3269779408771,198.00304635957568,200.6602023375907,55814300,199.33657836914062
2025-06-24,199.33657836914062,202.4614746491071,199.23705328583006,201.61555699715424,54064000,200.59051513671875
2025-06-25,200.59051513671875,202.6903668657116,199.65503400834336,200.4810436177515,39525700,200.03323364257812
2025-06-26,200.03323364257812,201.66534499125092,198.5006473897771,200.461158146952,50799100,200.1128387451172
2025-06-27,200.1128387451172,202.24254507531293,199.03803155248616,200.91894034324127,73188600,204.1831512451172
2025-06-30,204.1831512451172,206.39247448465787,198.30157410241034,201.03834688076608,91912800,206.82041931152344
2025-07-01,206.82041931152344,209.17901505124104,205.1484920031366,205.6759415551798,78788900,211.41819763183594
2025-07-02,211.41819763183594,212.3138626915596,207.13887695509675,207.90517762155153,67941800,212.52285766601562
2025-07-03,212.52285766601562,213.61755770997246,210.7912213537831,211.12958235725722,34955800,208.94017028808594
2025-07-07,208.94017028808594,215.18996325511674,207.79570768244494,211.65703516300363,50229000,208.99989318847656
2025-07-08,208.99989318847656,210.41306148236814,207.44739887083225,209.08947184941582,42848900,210.12445068359375
2025-07-09,210.12445068359375,210.31353924447487,206.22330706177223,208.52219391164948,48749400,211.38832092285156
2025-07-10,211.38832092285156,212.453166373689,209.01976375844308,209.49745072772552,44443600,210.14434814453125
2025-07-11,210.14434814453125,211.1096837700706,208.85059795908091,209.55718962168862,39765800,207.61656188964844
2025-07-14,207.61656188964844,209.89555581124029,206.54175471753558,208.92025854176603,38840100,208.10421752929688
2025-07-15,208.10421752929688,210.87084499335577,207.9151289669034,208.21368905566166,42296300,209.149169921875
2025-07-16,209.149169921875,211.37838618562168,207.63647661047767,209.28849593835915,47490500,209.00985717773438
2025-07-17,209.00985717773438,210.78129457926272,208.5819174807461,209.55721484346458,48068100,210.1642608642578
2025-07-18,210.1642608642578,210.77132749863404,208.6913836081342,209.85575432940058,48974600,211.4580078125
2025-07-21,211.4580078125,214.74213848423943,210.61210526026528,211.07984586548804,51377400,213.3687744140625
2025-07-22,213.3687744140625,213.91613206526756,211.20921348603295,212.11484021935428,46404100,213.1199493408203
2025-07-23,213.1199493408203,214.1151394198069,211.38832832203676,213.9658669821171,46989300,212.73184204101562
2025-07-24,212.73184204101562,214.65256693634578,212.50295255730364,212.87116805528336,46022600,212.8512725830078
2025-07-25,212.8512725830078,214.2047317845148,212.37357038101962,213.6673206036272,40268800,213.0204620361328
2025-07-28,213.0204620361328,213.81661722083774,212.03521828670327,213.00055398053098,37858000,210.25384521484375
2025-07-29,210.25384521484375,213.77681196541135,209.80601264614248,213.14983725799084,51411700,208.0445098876953
2025-07-30,208.0445098876953,211.36844143995228,206.72090512781878,210.88079278566187,45512500,206.57162475585938
2025-07-31,206.57162475585938,208.83069544134486,206.16359315375274,207.48719786288635,80698400,201.40660095214844
2025-08-01,201.40660095214844,212.5527283441607,200.530828701964,209.8557561748323,104434500,202.37193298339844
2025-08-04,202.37193298339844,206.88014336875773,200.70995198839026,203.52634207300898,75109300,201.9439697265625
2025-08-05,201.9439697265625,204.35232790405936,201.18763073057525,202.42165671427045,44155100,212.2242889404297
2025-08-06,212.2242889404297,214.3440487139093,204.60112912578842,204.64094523363173,108483100,218.9716796875
2025-08-07,218.9716796875,219.78774287041324,215.5382768294147,217.8272171299369,90224800,228.2468719482422
2025-08-08,228.2468719482422,229.88892965735022,218.19544514014734,219.76784743364436,113854000,226.3438720703125
2025-08-11,226.3438720703125,228.71511750604432,223.9327805410339,227.08115402328403,61806100,228.80477905273438
2025-08-12,228.80477905273438,229.95055565919736,226.23428798669784,227.17081559543826,55626200,232.4712677001953
2025-08-13,232.4712677001953,234.13511970527446,229.5819315694875,230.21959074533873,69878500,231.9232940673828
2025-08-14,231.9232940673828,234.2546784716922,230.00040438081015,233.1985820425246,51916300,230.73765563964844
2025-08-15,230.73765563964844,233.417757832359,228.49593650929467,233.1387895567921,56038700,230.04022216796875
2025-08-18,230.04022216796875,232.26201052585682,229.26309412883964,230.8472385776313,37476200,229.71145629882812
2025-08-19,229.71145629882812,232.0129522601839,228.50591803460907,230.42880766374827,39402600,225.1781768798828
2025-08-20,225.1781768798828,229.6217687789582,224.93906991665554,229.1335667246527,42263900,224.07228088378906
2025-08-21,224.07228088378906,225.68632903786573,222.9564077521854,225.43724912794482,30621200,226.9217529296875
2025-08-22,226.9217529296875,228.2468598588307,224.58041092619504,225.33760837029214,42477800,226.323974609375
2025-08-25,226.323974609375,228.45609804536198,225.3973894325087,225.6464693442017,30983100,228.46603393554688
2025-08-26,228.46603393554688,228.64537936019502,223.8630424721864,226.03501179732243,54575100,229.6417236328125
2025-08-27,229.6417236328125,230.05020313892598,227.41991984776428,227.7686378094015,31259500,231.70408630371094
2025-08-28,231.70408630371094,232.55096405412047,228.4959359400532,229.9704999102399,38074700,231.28562927246094
2025-08-29,231.28562927246094,232.52107103838586,230.51845893056873,231.65426265633033,39418400,228.87454223632812
2025-09-02,228.87454223632812,230.00038826150748,226.1346633063032,228.4062708029861,44075600,237.59234619140625
2025-09-03,237.59234619140625,237.9709525201245,233.49747185558658,236.33698891571112,66427800,238.89752197265625
2025-09-04,238.89752197265625,239.01707546456905,235.86871695735925,237.57241502764154,47549400,238.80783081054688
2025-09-05,238.80783081054688,240.43183651086895,237.61225041390915,239.11668743272676,54870400,237.00450134277344
2025-09-08,237.00450134277344,239.2661357937392,235.4701607098454,238.41927329094256,48999500,233.48748779296875
2025-09-09,233.48748779296875,237.90117601089239,232.5011259859287,236.12772846479334,66313900,225.955322265625
2025-09-10,225.955322265625,231.56460664903227,225.118417424808,231.33545739080094,83440800,229.18341064453125
2025-09-11,229.18341064453125,229.60186307827533,225.81584532196928,226.04500979013486,50208600,233.2085418701172
2025-09-12,233.2085418701172,233.6469097348115,228.17712472443904,228.37638560886936,55824200,235.828857421875
2025-09-15,235.828857421875,237.31337916896246,234.16500543557729,236.12775635652346,42699500,237.2735137939453
2025-09-16,237.2735137939453,240.33222235518573,235.45026224943368,236.30708253667353,63421100,238.11044311523438
2025-09-17,238.11044311523438,239.21635855568803,236.85507060288438,238.09051246512186,46508000,237.00450134277344
2025-09-18,237.00450134277344,240.31227437025743,235.77901734043184,239.0868055705458,44249600,244.59646606445312
2025-09-19,244.59646606445312,245.3935247988757,239.32594197772087,240.34217704154452,163741300,255.13751220703125
2025-09-22,255.13751220703125,255.69547916115815,247.2068166293636,247.38616206443075,105517400,253.4935760498047
2025-09-23,253.4935760498047,256.3928695916873,252.64671355307894,254.93825156077958,60275200,251.38140869140625
2025-09-24,251.38140869140625,254.79879299943292,250.11607847800005,254.2807025242173,42303700,255.9246063232422
2025-09-25,255.9246063232422,256.22352044118514,250.7836088309123,252.27808820484515,55202100,254.51980590820312
2025-09-26,254.51980590820312,256.6519291955366,252.84598111295833,253.16481067495934,46076300,253.4935760498047
2025-09-29,253.4935760498047,254.06148549110597,252.07880411177766,253.62310245626918,40127700,253.69287109375
2025-09-30,253.69287109375,254.97811672142575,252.17846100632588,253.92202035086734,37704300,254.50985717773438
2025-10-01,254.50985717773438,257.8375764362911,253.99176669154556,254.10136246357334,48713900,256.18365478515625
2025-10-02,256.18365478515625,257.229778167004,253.21461153357077,255.63566078088252,42630200,257.07037353515625
2025-10-03,257.07037353515625,258.2858846694617,253.01536064819075,253.73271197999827,49155600,255.7452850341797
2025-10-06,255.7452850341797,258.1165305885388,254.1113214696764,257.0404883747525,44664100,255.5360565185547
2025-10-07,255.5360565185547,256.45265350411205,254.48990271764998,255.86482860124664,31955800,257.1102600097656
2025-10-08,257.1102600097656,257.5685585594684,255.16742442767125,255.57591915435188,36496900,253.1050262451172
2025-10-09,253.1050262451172,257.0504585775582,252.2083446799687,256.8611554198282,38322000,244.3673095703125
2025-10-10,244.3673095703125,255.436420799504,243.10197943699816,254.00171816056968,61999100,246.74851989746094
2025-10-13,246.74851989746094,248.7710475029622,244.6562426215344,248.46219085423505,38142900,246.8581085205078
2025-10-14,246.8581085205078,247.93413549962378,243.79940008876653,245.69241642712313,35478000,248.42233276367188
2025-10-15,248.42233276367188,250.89321639065437,246.559219921403,248.57178982967116,33893600,246.53929138183594
2025-10-16,246.53929138183594,248.1234359576197,244.22783772705108,247.33635013275978,39777000,251.36146545410156
2025-10-17,251.36146545410156,252.44746537322095,246.35995200283696,247.10719170360767,49147000,261.2748718261719
2025-10-20,261.2748718261719,263.4070106066718,254.68921311729665,254.94825076974757,90483000,261.80291748046875
2025-10-21,261.80291748046875,264.3136625920602,260.86637452698056,260.91620875530236,46695900,257.49884033203125
2025-10-22,257.49884033203125,261.882640960004,254.48993535873984,261.68336485657886,45015300,258.6246337890625
2025-10-23,258.6246337890625,259.6608147081683,257.0604350924048,258.98332466328685,32754900,261.85272216796875
2025-10-24,261.85272216796875,263.15789839957887,258.22610426270086,260.2287163700197,38253700,267.8207092285156
2025-10-27,267.8207092285156,268.12956591820625,263.67601542509226,263.90517991319996,44888200,268.010009765625
2025-10-28,268.010009765625,268.8967489277785,267.1631319065021,268.000036838551,41534800,268.7073974609375
2025-10-29,268.7073974609375,270.4110953948544,266.1269030442272,268.28892986747474,51086700,270.4011535644531
2025-10-30,270.4011535644531,273.131090148023,267.49191714200913,270.98897852374654,69886500,269.37493896484375
2025-10-31,269.37493896484375,276.29937269597025,268.16940070155243,275.9705701844509,86167100,268.05975341796875
2025-11-03,268.05975341796875,269.8531467885877,265.2700709373508,269.424736694289,50194600,269.0461730957031
2025-11-04,269.0461730957031,270.49081837885313,266.6350661079627,267.3424445625432,49274800,269.14581298828125
2025-11-05,269.14581298828125,270.7000692568828,265.94760492323326,267.6214146886098,43683100,268.7771301269531
2025-11-06,268.7771301269531,272.3937751745226,266.90407480138714,266.90407480138714,51204000,267.4819030761719
2025-11-07,267.4819030761719,271.28785094446636,265.78814772800683,268.8069946610708,48227400,268.6986083984375
2025-11-10,268.6986083984375,272.9869540449525,266.7339548671466,268.22988302493957,41312400,274.5028076171875
2025-11-11,274.5028076171875,275.16101963639426,269.0675899882029,269.07757258136417,46208300,272.7276611328125
2025-11-12,272.7276611328125,274.9815360542478,270.9624767916609,274.2535066981436,48398000,272.2090759277344
2025-11-13,272.2090759277344,275.9488963676571,271.3513946141157,273.36590026791555,49602800,271.6705017089844
2025-11-14,271.6705017089844,275.21085247368256,268.8681323529343,270.31417782757546,47431300,266.73394775390625
2025-11-17,266.73394775390625,269.7557213346742,265.00866346949266,268.09027174019775,45018300,266.7140197753906
2025-11-18,266.7140197753906,269.9751321987233,264.59977951795884,269.2570854665072,45677300,267.8309631347656
2025-11-19,267.8309631347656,271.47104873805114,264.77927226211665,264.80918960656476,40424500,265.5272521972656
2025-11-20,265.5272521972656,274.68232536305425,265.1981613886433,270.09480618650156,45823600,270.75299072265625
2025-11-21,270.75299072265625,272.5879921198442,264.9488130991126,265.2280517805383,59030800,275.1709899902344
2025-11-24,275.1709899902344,276.24804478801667,270.16459800357205,270.16459800357205,65585800,276.2181701660156
2025-11-25,276.2181701660156,279.6189174225992,274.50283786370125,274.52277261748515,46914200,276.79656982421875
2025-11-26,276.79656982421875,278.7712060098946,275.8790842359358,276.2081750495132,33431400,278.0930480957031
2025-11-28,278.0930480957031,278.242634823177,275.2407959413455,276.50736791500816,20135600,282.3315124511719
2025-12-01,282.3315124511719,282.65065109438723,275.3904143522869,277.2553332443013,46587700,285.4131164550781
2025-12-02,285.4131164550781,286.619823290159,281.86278279875575,282.231773534172,53669500,283.378662109375
2025-12-03,283.378662109375,287.8365294074879,282.5309633672564,285.4231155973949,43538700,279.9380187988281
2025-12-04,279.9380187988281,283.95707766942763,277.83373081751637,283.3287830094401,43989100,278.0232238769531
2025-12-05,278.0232238769531,280.37683325787106,277.2951945750906,279.77845592816414,47265800,277.1356506347656
2025-12-08,277.1356506347656,278.9108174051644,275.4003533668138,277.374989388386,38211800,276.42755126953125
2025-12-09,276.42755126953125,279.26982065807096,276.16827776921565,277.4049018876359,32193300,278.0232238769531
2025-12-10,278.0232238769531,278.9905919368044,275.68957968235776,276.9960211276047,33038300,277.2752685546875
2025-12-11,277.2752685546875,278.8310314000742,273.0667227973629,278.34237127554803,33248000,277.52459716796875
2025-12-12,277.52459716796875,278.4620479370953,276.0685689150702,277.14562382282355,39532900,273.3658752441406
2025-12-15,273.3658752441406,279.3894873363706,272.0993337942639,279.3894873363706,50409100,273.8645324707031
2025-12-16,273.8645324707031,274.752131096348,271.0522107383373,272.07941349564567,37648600,271.10205078125
2025-12-17,271.10205078125,275.41033087528734,270.9026119684932,274.2634587890498,50138700,271.4511413574219
2025-12-18,271.4511413574219,272.88723490520505,266.22537510199504,272.8672697170699,51630700,272.9271240234375
2025-12-19,272.9271240234375,273.8545921928022,269.1673383776201,271.4112306527045,144632000,270.23443603515625
2025-12-22,270.23443603515625,273.13654030849926,269.7756932559407,272.1192896847017,36571800,271.62066650390625
2025-12-23,271.62066650390625,271.7603010837797,268.8282792538215,270.1048034873943,29642000,273.06671142578125
2025-12-24,273.06671142578125,274.6823088952694,271.46109654935304,271.60070067851706,17910600,272.6578369140625
2025-12-26,272.6578369140625,274.6224904749486,272.11929424741834,273.41578359787746,21521800,273.0168762207031
2025-12-29,273.0168762207031,273.61522314661676,271.6107000753325,271.9497734782625,23715200,272.3387145996094
2025-12-30,272.3387145996094,273.3360001129787,271.54089836280934,272.0694584675055,22139600,271.12200927734375
2025-12-31,271.12200927734375,272.9370761103812,271.0123224859311,272.3187639976345,27293600,270.2743225097656
2026-01-02,270.2743225097656,277.0857683126949,268.2697691424855,271.52092924369913,37838100,266.5345153808594
2026-01-05,266.5345153808594,270.7729784841199,265.41756056202854,269.9053450243044,45647200,261.6477966308594
2026-01-06,261.6477966308594,266.82371056256306,261.40845786144683,266.27521573774703,52352100,259.623291015625
2026-01-07,259.623291015625,262.964203143993,259.1047135716701,262.48552563718374,48309800,258.3368225097656
2026-01-08,258.3368225097656,258.58614386359903,255.00587765735156,256.3222864925608,50419300,258.6659240722656
2026-01-09,258.6659240722656,259.5036402038468,255.52448097015204,258.3767027680543,39997000,259.5435485839844
2026-01-12,259.5435485839844,260.59068617382866,256.1029014720883,258.4565110528425,45263800,260.34136962890625
2026-01-13,260.34136962890625,261.0993163539261,257.68861696081353,258.01770778709204,45730800,259.2543029785156
2026-01-14,259.2543029785156,261.1092696408236,256.0131254420647,258.78557762508564,40019400,257.5090637207031
2026-01-15,257.5090637207031,260.3313985459844,256.35220896361545,259.9424426175537,39388600,254.8363494873047
2026-01-16,254.8363494873047,258.1971965798445,254.23797213114116,257.1999111311508,72142800,246.0303192138672
2026-01-20,246.0303192138672,254.09835490933511,242.75922413209136,252.04394930256512,80267500,246.9777374267578
2026-01-21,246.9777374267578,250.87712721718017,244.51444112970407,248.02489020045314,54641700,247.67584228515625
2026-01-22,247.67584228515625,250.31864258405668,247.47637302553753,248.52352576906395,39708300,247.36666870117188
2026-01-23,247.36666870117188,248.73296007338791,244.0157890837153,246.64863719927277,41689000,254.7166748046875
2026-01-26,254.7166748046875,255.86354695988197,249.12190294519746,250.7973351598156,55969200,257.5688781738281
2026-01-27,257.5688781738281,261.23891141767155,257.50904348719195,258.4664593428383,49648300,255.743896484375
2026-01-28,255.743896484375,258.15731035497566,253.8191275531099,256.95060341967536,41288000,257.5788879394531
2026-01-29,257.5788879394531,258.94516415300217,253.7193980705993,257.29964922744847,67253000,258.775634765625
2026-01-30,258.775634765625,261.1890484668085,251.49543285360957,254.47732177254832,92443400,269.2770690917969
2026-02-02,269.2770690917969,269.7557466562268,258.50636737104884,259.3241487899344,73913400,268.7485046386719
2026-02-03,268.7485046386719,271.1419837262723,266.88355520832346,268.4692659190308,64394700,275.7394104003906
2026-02-04,275.7394104003906,278.19275421850585,271.55083028665655,271.55083028665655,90545700,275.1610412597656
2026-02-05,275.1610412597656,278.7412924914769,272.48832346973,277.37501624935936,52977400,277.364990234375
2026-02-06,277.364990234375,280.1474248180158,276.1782182606431,276.3677049075235,50453400,274.13079833984375
2026-02-09,274.13079833984375,277.70443813431814,271.2160169672847,277.41494619870406,44623400,273.19244384765625
2026-02-10,273.19244384765625,274.87943562430115,272.4537718732244,274.40031021957236,34376900,275.00921630859375
2026-02-11,275.00921630859375,279.6808719096702,273.9610989943363,274.2106536370846,51931300,261.2637939453125
2026-02-12,261.2637939453125,275.22886395053104,259.7165366668213,275.09909064411113,81077200,255.32435607910156
2026-02-13,255.32435607910156,261.7628783299504,254.9949421084194,261.5432690161623,56290700,263.4099426269531
2026-02-17,263.4099426269531,265.8156532326085,255.08478749757862,257.5903108294174,58469100,263.8791198730469
2026-02-18,263.8791198730469,266.3447212846438,261.9825104325609,263.13045584681157,34203300,260.11578369140625
2026-02-19,260.11578369140625,264.00886051677537,259.5867290635135,262.13220471573277,30845300,264.1086730957031
2026-02-20,264.1086730957031,264.2783836675007,257.7001265171608,258.50868117461044,42070500,265.705810546875
2026-02-23,265.705810546875,268.95002088588865,262.91081074777924,263.0206001676805,37308200,271.6552429199219
2026-02-24,271.6552429199219,274.4003442568012,267.233111068832,267.38283777638213,47014600,273.74151611328125
2026-02-25,273.74151611328125,274.45024283739696,270.567157599074,271.29586819299504,33714300,272.4637756347656
2026-02-26,272.4637756347656,275.61811956353745,270.31758130113775,274.4602128097023,32345100,263.7093811035156
2026-02-27,263.7093811035156,272.3240124520744,262.4217010495403,272.3240124520744,72366500,264.2484130859375
2026-03-02,264.2484130859375,266.05518620599753,259.73647625260065,261.94253069595567,41827900,263.2801818847656
2026-03-03,263.2801818847656,265.08695529305965,259.6666350681776,263.0106738027697,38568900,262.0523376464844
2026-03-04,262.0523376464844,265.67587606267574,260.95432154975975,264.17854815272653,39803100,259.8263244628906
2026-03-05,259.8263244628906,261.09405110124777,256.79173142961054,260.3254337562426,49658600,257.0013427734375
2026-03-06,257.0013427734375,258.3090066542827,253.916851068475,258.16927189629365,41120000,259.41705322265625
2026-03-09,259.41705322265625,260.68477987096253,253.22808575123491,255.2345148744848,38218500,260.3653564453125
2026-03-10,260.3653564453125,262.01244158439727,256.4922936817907,257.19102845716964,30590800,260.3453674316406
2026-03-11,260.3453674316406,261.6630231774062,259.08760235948154,260.62486739620806,26218900,255.30438232421875
2026-03-12,255.30438232421875,258.48871731031414,253.72719511663234,258.1992253881205,40794000,249.6744384765625
2026-03-13,249.6744384765625,255.87336762960538,249.07551643845036,255.024890934378,36930000,252.36964416503906
2026-03-16,252.36964416503906,253.43773019062647,249.4348789230203,251.66090222791988,32074200,253.77711486816406
2026-03-17,253.77711486816406,254.67552076289968,251.7307636559193,252.5093881906664,32361600,249.49476623535156
2026-03-18,249.49476623535156,254.48585937367065,248.55643828829037,252.1799767808244,35757900,248.5165252685547
2026-03-19,248.5165252685547,251.38140795985734,246.85947863088072,248.95572868612365,34864100,247.54823303222656
2026-03-20,247.54823303222656,248.75606899357115,245.56177255944445,247.53824109812177,88331100,251.04200744628906
2026-03-23,251.04200744628906,254.14646797882926,249.83415620831627,253.51758537106093,40546100,251.1917266845703
2026-03-24,251.1917266845703,254.37604644028636,249.10545347620703,249.90403139868116,45152300,252.16998291015625
2026-03-25,252.16998291015625,254.5457480998694,251.15181088451408,253.6473574345128,28476700,252.43951416015625
2026-03-26,252.43951416015625,256.5421934269488,250.32329549316128,251.67088153367666,41796700,248.35679626464844
2026-03-27,248.35679626464844,255.03488128462607,247.6281009352486,253.4477020992108,47900000,246.19065856933594
2026-03-30,246.19065856933594,250.4230956915925,245.07264337813007,249.62453299565456,39446200,253.337890625
2026-03-31,253.337890625,255.02488248828539,246.65982101631488,247.46837564153284,49598100,255.17462158203125
2026-04-01,255.17462158203125,255.7236296181179,252.8787157917901,253.62737973002484,40059400,255.464111328125
2026-04-02,255.464111328125,255.6737439434535,250.20349485503914,253.74717405681358,31289400,258.3988342285156
2026-04-06,258.3988342285156,261.6929736576745,256.003115847535,256.053045051996,29329900,253.0484161376953
2026-04-07,253.0484161376953,255.7436185540334,245.2623079794448,255.70368128016966,62148000,258.43878173828125
2026-04-08,258.43878173828125,259.2872736156141,256.0730086009651,257.98960165960847,41032800,260.02593994140625
2026-04-09,260.02593994140625,260.65482250105316,255.6138310165902,258.5386040524215,28121600,260.0159912109375
2026-04-10,260.0159912109375,261.7229364827484,258.5585701252562,259.5168819122501,31291500,258.73828125
2026-04-13,258.73828125,259.71651601158027,256.2027973984465,259.2673359057164,36234700,258.368896484375
2026-04-14,258.368896484375,261.4633801130582,256.73183388682423,258.78816168339415,48370700,265.95538330078125
2026-04-15,265.95538330078125,266.08515659729386,257.35074355126085,257.7001261657452,49913500,262.9307556152344
2026-04-16,262.9307556152344,266.6840670491935,260.804545264895,266.3246925362851,43323100,269.7486267089844
2026-04-17,269.7486267089844,271.8149160854778,266.24486962975914,266.4844323486072,61436200,272.5635681152344
2026-04-20,272.5635681152344,273.7913879220191,269.80850557942483,269.84841238867654,36590200,265.69586181640625
2026-04-21,265.69586181640625,272.3140256362382,264.9272139873882,271.0163536236942,50209800,272.68341064453125
2026-04-22,272.68341064453125,273.2523721409737,266.39461467279705,267.3429346055621,43249200,272.9429016113281
2026-04-23,272.9429016113281,275.2787294551341,271.1660737405759,274.56001085217736,33399600,270.5771179199219
2026-04-24,270.5771179199219,272.5735550213531,269.16962610782736,272.2741016414235,38157100,267.1332702636719
2026-04-27,267.1332702636719,267.88193422863776,264.59781690250213,265.6159889280984,41466800,270.2277526855469
2026-04-28,270.2277526855469,272.7432830913257,268.181416710472,271.8548539018017,40018900,269.688720703125
2026-04-29,269.688720703125,270.55716597281076,266.56429174844374,267.07336249706583,30047900,270.86663818359375
2026-04-30,270.86663818359375,275.50834883767226,267.6623648300734,270.018146234023,91848200,279.6409606933594
2026-05-01,279.6409606933594,286.7083346607987,277.87409435408995,278.36321169794013,79915400,276.33685302734375
2026-05-04,276.33685302734375,280.13010214166496,274.3703610857382,279.16182884121525,46668400,283.67376708984375
2026-05-05,283.67376708984375,284.0630869835518,276.00745521106614,276.43668191704,49311700,286.9978332519531
2026-05-06,286.9978332519531,287.5168959460148,280.5693031693742,281.4177950537395,58336100,286.9279479980469
2026-05-07,286.9279479980469,291.60959552514373,285.2709015174152,288.75467457606095,45224300,292.7974853515625
2026-05-08,292.7974853515625,294.2349225642168,289.48339230776435,289.49338424193445,52692800,292.42779541015625
2026-05-11,292.42779541015625,293.6267735875138,289.979924827367,291.72841688276577,42247300,294.54595947265625
2026-05-12,294.54595947265625,295.0155556946294,292.3078994315659,292.3078994315659,45748100,298.6124572753906
2026-05-13,298.6124572753906,300.6607090744109,293.24708951115105,293.24708951115105,52684300,297.9530334472656
2026-05-14,297.9530334472656,300.1911240450107,295.12548538387824,299.5616620172475,35324900,299.9713134765625
2026-05-15,299.9713134765625,302.93875555297063,296.26448829773227,297.643304079477,54862800,297.5833435058594
2026-05-18,297.5833435058594,300.4009207908792,294.6558756451712,299.98126929450746,34483000,298.7123718261719
2026-05-19,298.7123718261719,300.2510533099592,296.09463441963413,296.7140952726279,42243600,301.98956298828125
2026-05-20,301.98956298828125,302.5390768782648,297.82314269813475,297.9230626302997,38229800,304.7271728515625
2026-05-21,304.7271728515625,305.27671719779084,300.1411318265125,300.80056674721834,42965100,308.55389404296875
2026-05-22,308.55389404296875,311.13165741506583,305.57645096183757,305.85620846339293,43670200,308.0643005371094
2026-05-26,308.0643005371094,311.5513139598484,307.4048960873393,309.29325163060713,48000500,310.5821533203125
2026-05-27,310.5821533203125,312.9900803339556,308.0343323058515,308.0643052358437,50430900,312.24072265625
2026-05-28,312.24072265625,312.5304508120942,309.30325358892543,310.412282475935,48220400,311.7911071777344
2026-05-29,311.7911071777344,314.7285763294451,309.2632884033746,311.5113496628706,70026800,306.0460510253906
2026-06-01,306.0460510253906,310.67206624496237,304.7571540774977,309.363197507879,48849900,314.92840576171875
2026-06-02,314.92840576171875,315.1781903378333,306.42572903356995,307.1950545511415,44534700,309.9926452636719
2026-06-03,309.9926452636719,316.6668815001487,308.5838566628498,313.9092501546009,50836700,310.9618225097656
2026-06-04,310.9618225097656,313.26982953176514,309.38316692864953,312.96009909963743,44869100,307.0751647949219
2026-06-05,307.0751647949219,314.8984348439246,306.8853260765596,312.5903972939029,65310500,301.2801818847656
2026-06-08,301.2801818847656,317.1265012321255,300.9105055796523,308.4739595974908,77949100,290.29962158203125
2026-06-09,290.29962158203125,300.4908444635933,287.5320194610898,300.0212482417878,70108800,291.3287353515625
2026-06-10,291.3287353515625,294.4960172141002,287.1323727394638,290.4894628291428,52793300,295.375244140625
2026-06-11,295.375244140625,296.7440586571729,289.3404406054596,293.4668864344149,42572500,290.879150390625
2026-06-12,290.879150390625,296.88398158337014,289.3704417369658,295.7749221682621,38742100,296.1645812988281
2026-06-15,296.1645812988281,297.5233947188816,291.4486474146935,293.8665449684006,45732600,298.9821472167969
2026-06-16,298.9821472167969,300.2210994929347,293.71669913987887,294.99559499590845,39874400,295.6949768066406
2026-06-17,295.6949768066406,301.8096980081642,294.10632015937927,300.59074812548096,42745100,297.7532043457031
2026-06-18,297.7532043457031,300.31099586682666,295.3652492546472,297.8530937792582,85962200,296.75408935546875
2026-06-22,296.75408935546875,302.1594314563154,296.5043047694293,297.05381866220307,44879900,294.04638671875
2026-06-23,294.04638671875,301.3800886038737,293.9264950024863,297.2836155142734,52010900,292.8274230957031
2026-06-24,292.8274230957031,299.4417438827621,292.68755959702736,295.1054570720635,53081900,274.91290283203125
2026-06-25,274.91290283203125,288.55113481081804,273.5141152813601,287.1523472601469,107013700,283.53546142578125
2026-06-26,283.53546142578125,285.70360492137456,273.9737007161028,274.7630284991681,261775500,281.4972229003906
2026-06-29,281.4972229003906,288.12151489662153,279.6088673150861,286.4829438934296,66427000,289.11065673828125
2026-06-30,289.11065673828125,289.69017405322865,280.45814550695326,280.9277417485351,65100200,294.1263427734375
2026-07-01,294.1263427734375,296.33442991747245,288.95081360688545,293.1871503157195,50164200,308.3640441894531
2026-07-02,308.3640441894531,309.15337194761725,293.4269150966668,293.866538367699,75352800,312.3905944824219
2026-07-06,312.3905944824219,313.9292760509671,306.7354678654279,307.0951430290638,53590000,310.3923034667969
2026-07-07,310.3923034667969,315.20815732134815,309.88273318392555,315.0183186077797,42490000,313.1199645996094
2026-07-08,313.1199645996094,314.5487250421545,306.7854009831778,311.6412289475945,41323500,315.947509765625
2026-07-09,315.947509765625,316.2572401947346,307.8944576262147,310.24243869469103,48124500,315.0483093261719
2026-07-10,315.0483093261719,316.6369356310425,311.9010296470402,314.4488202226986,34132300,317.03656005859375
2026-07-13,317.03656005859375,323.171283634363,315.5078797345754,316.7468014245228,43257800,314.58868408203125
2026-07-14,314.58868408203125,315.91755515351207,311.64124426456783,313.48965629761443,36336800,327.2178039550781
2026-07-15,327.2178039550781,328.44675508114506,317.0465830462295,317.34631234952286,60957600,332.97283935546875
2026-07-16,332.97283935546875,334.3915986652446,326.50841333986017,327.72736328456057,62970600,333.452392578125
2026-07-17,333.452392578125,334.7013154010385,328.71648699084636,331.693929977533,63407100,326.3085632324219
2026-07-20,326.3085632324219,333.4224228207836,323.4010672140761,333.2226134619852,53468000,327.45758056640625
2026-07-21,327.45758056640625,329.3159936819017,321.94234806189104,322.85156758462244,41338900,325.60919189453125
2026-07-22,325.60919189453125,328.7164973399543,323.0613709608057,327.58746619388995,38755900,321.3828430175781
2026-07-23,321.3828430175781,323.0214140443725,319.0748358849152,321.4527900194849,40840800,332.7330322265625
2026-07-24,332.7330322265625,334.0818750563203,321.3428614810286,321.5127284115298,47489400,336.61968994140625
2026-07-27,336.61968994140625,339.277401491225,333.73216560461384,334.2517370375488,49604300,339.78692626953125
2026-07-28,339.78692626953125,342.59453283396704,335.31080637618777,339.73698155301014,51859000,337.8985900878906
2026-07-29,337.8985900878906,344.2730974331505,337.0593175600121,339.43727163464206,56090800,333.1426696777344
2026-07-30,333.1426696777344,334.4615395264105,329.30598233808786,332.8129674612056,74817800,308.6438293457031
2026-07-31,308.6438293457031,310.4222943774597,299.7415030462749,304.54735603914753,132489100,303.1585693359375
2026-08-03,303.1585693359375,311.5313230344714,302.29929450581176,309.313234694189,75052000,309.1134033203125
2026-08-04,309.1134033203125,310.1525156602479,301.0603512911937,302.46913991298527,68001000,310.7320251464844
2026-08-05,310.7320251464844,311.4414048335362,305.40663118634393,309.09342362565195,49438800,312.14080810546875
2026-08-06,312.14080810546875,316.0174696892129,308.96355554648414,314.06913775686996,46139900,313.05999755859375
2026-08-07,313.05999755859375,314.53873325457766,310.47223295908327,311.1816431226555,34437200,308.260009765625
2026-08-10,308.260009765625,308.260009765625,304.6099853515625,306.8299865722656,44812500,304.9100036621094
2026-08-11,304.9100036621094,309.9700012207031,302.7900085449219,307.75,37476700,302.25
2026-08-12,302.25,305.6600036621094,300.57000732421875,305.1000061035156,41657800,305.260009765625
2026-08-13,305.260009765625,306.0,302.04998779296875,304.2099914550781,40349300,305.92999267578125
2026-08-14,305.92999267578125,307.489990234375,304.29998779296875,306.0,28229400,305.5899963378906
2026-08-17,305.5899963378906,307.6600036621094,302.94000244140625,306.2099914550781,38169300,310.0299987792969
2026-08-18,310.0299987792969,311.489990234375,305.739990234375,307.5799865722656,53424500,316.8299865722656
2026-08-19,316.8299865722656,319.2799987792969,309.6000061035156,310.1400146484375,50505600,311.29998779296875
2026-08-20,311.29998779296875,320.2799987792969,310.6499938964844,317.4599914550781,40959200,309.3500061035156
2026-08-21,309.3500061035156,312.3800048828125,307.010009765625,312.04998779296875,46876800,310.3399963378906
2026-08-24,310.3399963378906,313.3599853515625,309.9700012207031,311.4700012207031,34673600,309.8999938964844
2026-08-25,309.8999938964844,313.5899963378906,308.2099914550781,310.7900085449219,25869800,313.45001220703125
2026-08-26,313.45001220703125,315.42999267578125,308.79998779296875,310.29998779296875,34024500,314.5799865722656
2026-08-27,314.5799865722656,315.3999938964844,309.3999938964844,310.54998779296875,32419200,319.70001220703125
2026-08-28,319.70001220703125,322.3699951171875,315.45001220703125,316.8500061035156,38649400,316.8500061035156
2026-08-31,316.8500061035156,321.239990234375,312.79998779296875,319.6000061035156,41242700,325.1300048828125
2026-09-01,325.1300048828125,327.29998779296875,314.7300109863281,316.9800109863281,53167400,324.9599914550781
2026-09-02,324.9599914550781,328.3999938964844,323.5299987792969,326.8699951171875,33776400,328.2099914550781
2026-09-03,328.2099914550781,330.80999755859375,324.1099853515625,324.8699951171875,37225800,319.9700012207031
2026-09-04,319.9700012207031,328.92999267578125,317.8599853515625,328.30999755859375,39606900,316.2200012207031
2026-09-08,316.2200012207031,320.70001220703125,314.8999938964844,317.1000061035156,35477100,315.3399963378906
2026-09-09,315.3399963378906,319.1499938964844,309.8999938964844,315.489990234375,65640000,326.57000732421875
2026-09-10,326.57000732421875,326.739990234375,316.510009765625,316.6700134277344,70011900,332.2699890136719
2026-09-11,332.2699890136719,336.2200012207031,326.29998779296875,327.45001220703125,50716900,333.0799865722656
2026-09-14,333.0799865722656,335.5,331.3399963378906,334.7900085449219,39269100,331.3399963378906
2026-09-15,331.3399963378906,331.7799987792969,328.3500061035156,330.1400146484375,31748200,332.4100036621094
2026-09-16,332.4100036621094,335.4800109863281,330.70001220703125,332.5299987792969,35981000,337.0
2026-09-17,337.0,338.3399963378906,330.17999267578125,334.7699890136719,36700200,336.1300048828125
2026-09-18,336.1300048828125,338.489990234375,332.5299987792969,337.9100036621094,86588200,338.9800109863281
2026-09-21,338.9800109863281,339.6400146484375,333.04998779296875,335.2799987792969,34999200,339.75
2026-09-22,339.75,345.3399963378906,338.75,340.1400146484375,40711800,337.0199890136719
2026-09-23,337.0199890136719,341.79998779296875,335.5,341.0799865722656,31658800,335.9200134277344
2026-09-24,335.9200134277344,338.9100036621094,334.29998779296875,336.7200012207031,24733100,341.07000732421875
2026-09-25,341.07000732421875,341.6700134277344,334.5299987792969,336.0400085449219,30002500,338.3999938964844
2026-09-28,338.3999938964844,342.989990234375,338.0400085449219,340.3699951171875,32820800,329.3999938964844
